-- phpMyAdmin SQL Dump
-- version 5.2.1
-- https://www.phpmyadmin.net/
--
-- Host: localhost
-- Generation Time: Mar 15, 2024 at 03:50 AM
-- Server version: 8.0.33
-- PHP Version: 8.2.8

SET SQL_MODE = "NO_AUTO_VALUE_ON_ZERO";
START TRANSACTION;
SET time_zone = "+00:00";


/*!40101 SET @OLD_CHARACTER_SET_CLIENT=@@CHARACTER_SET_CLIENT */;
/*!40101 SET @OLD_CHARACTER_SET_RESULTS=@@CHARACTER_SET_RESULTS */;
/*!40101 SET @OLD_COLLATION_CONNECTION=@@COLLATION_CONNECTION */;
/*!40101 SET NAMES utf8mb4 */;

--
-- Database: `machine_laravel-v2`
--

-- --------------------------------------------------------

--
-- Table structure for table `brands`
--

CREATE TABLE `brands` (
  `id` bigint UNSIGNED NOT NULL,
  `name` varchar(255) COLLATE utf8mb4_unicode_ci NOT NULL,
  `created_at` timestamp NULL DEFAULT NULL,
  `updated_at` timestamp NULL DEFAULT NULL
) ENGINE=InnoDB DEFAULT CHARSET=utf8mb4 COLLATE=utf8mb4_unicode_ci;

--
-- Dumping data for table `brands`
--

INSERT INTO `brands` (`id`, `name`, `created_at`, `updated_at`) VALUES
(1, 'AMS', NULL, NULL),
(2, 'Brother', NULL, NULL),
(3, 'BULLMER', NULL, NULL),
(4, 'Dino', NULL, NULL),
(5, 'Eastman', NULL, NULL),
(6, 'Gemsy', NULL, NULL),
(7, 'Hashima', NULL, NULL),
(8, 'Juki', NULL, NULL),
(9, 'KAL', NULL, NULL),
(10, 'Kansai', NULL, NULL),
(11, 'Keki', NULL, NULL),
(12, 'KM', NULL, NULL),
(13, 'Mother Eye', NULL, NULL),
(14, 'Murata', NULL, NULL),
(15, 'Okurma', NULL, NULL),
(16, 'Oshima', NULL, NULL),
(17, 'Pegasus', NULL, NULL),
(18, 'Richpeace', NULL, NULL),
(19, 'Sakgo', NULL, NULL),
(20, 'Shing Ray', NULL, NULL),
(21, 'Siruba', NULL, NULL),
(22, 'Strobel', NULL, NULL),
(23, 'Su Lee', NULL, NULL),
(24, 'Sunstar', NULL, NULL),
(25, 'Taking', NULL, NULL),
(26, 'TONY', NULL, NULL),
(27, 'Toyo', NULL, NULL),
(28, 'TSM', NULL, NULL),
(29, 'UPFAFF', NULL, NULL),
(30, 'Utica', NULL, NULL),
(31, 'NISHO', NULL, NULL);

-- --------------------------------------------------------

--
-- Table structure for table `failed_jobs`
--

CREATE TABLE `failed_jobs` (
  `id` bigint UNSIGNED NOT NULL,
  `uuid` varchar(255) COLLATE utf8mb4_unicode_ci NOT NULL,
  `connection` text COLLATE utf8mb4_unicode_ci NOT NULL,
  `queue` text COLLATE utf8mb4_unicode_ci NOT NULL,
  `payload` longtext COLLATE utf8mb4_unicode_ci NOT NULL,
  `exception` longtext COLLATE utf8mb4_unicode_ci NOT NULL,
  `failed_at` timestamp NOT NULL DEFAULT CURRENT_TIMESTAMP
) ENGINE=InnoDB DEFAULT CHARSET=utf8mb4 COLLATE=utf8mb4_unicode_ci;

-- --------------------------------------------------------

--
-- Table structure for table `locations`
--

CREATE TABLE `locations` (
  `id` bigint UNSIGNED NOT NULL,
  `name` varchar(255) COLLATE utf8mb4_unicode_ci NOT NULL,
  `description` varchar(255) COLLATE utf8mb4_unicode_ci DEFAULT NULL,
  `created_at` timestamp NULL DEFAULT NULL,
  `updated_at` timestamp NULL DEFAULT NULL
) ENGINE=InnoDB DEFAULT CHARSET=utf8mb4 COLLATE=utf8mb4_unicode_ci;

-- --------------------------------------------------------

--
-- Table structure for table `machines`
--

CREATE TABLE `machines` (
  `id` bigint UNSIGNED NOT NULL,
  `machine_type_id` bigint UNSIGNED NOT NULL,
  `brand_id` bigint UNSIGNED NOT NULL,
  `model` varchar(255) COLLATE utf8mb4_unicode_ci NOT NULL,
  `serial_number` varchar(255) COLLATE utf8mb4_unicode_ci NOT NULL,
  `created_at` timestamp NULL DEFAULT NULL,
  `updated_at` timestamp NULL DEFAULT NULL
) ENGINE=InnoDB DEFAULT CHARSET=utf8mb4 COLLATE=utf8mb4_unicode_ci;

--
-- Dumping data for table `machines`
--

INSERT INTO `machines` (`id`, `machine_type_id`, `brand_id`, `model`, `serial_number`, `created_at`, `updated_at`) VALUES
(1, 1, 21, 'D007S-452-02-AT/AWT', 'Z490522', NULL, NULL),
(2, 1, 21, 'D007S-452-02-AT/AWT', 'Z490527', NULL, NULL),
(3, 1, 21, 'D007S-452-02-AT/AWT', 'Z490528', NULL, NULL),
(4, 1, 21, 'D007S-452-02-AT/AWT', 'Z490529', NULL, NULL),
(5, 1, 21, 'D007S-452-02-AT/AWT', 'Z490531', NULL, NULL),
(6, 1, 21, 'D007S-452-02-AT/AWT', 'Z490532', NULL, NULL),
(7, 1, 21, 'D007S-452-02-AT/AWT', 'Z490533', NULL, NULL),
(8, 1, 21, 'D007S-452-02-AT/AWT', 'Z490535', NULL, NULL),
(9, 1, 21, 'D007S-452-02-AT/AWT', 'Z490537', NULL, NULL),
(10, 1, 21, 'D007S-452-02-AT/AWT', 'Z490539', NULL, NULL),
(11, 1, 21, 'D007S-452-02-AT/AWT', 'Z490540', NULL, NULL),
(12, 1, 21, 'D007S-452-02-AT/AWT', 'Z490542', NULL, NULL),
(13, 1, 21, 'D007S-452-02-AT/AWT', 'Z490545', NULL, NULL),
(14, 1, 21, 'D007S-452-02-AT/AWT', 'Z490547', NULL, NULL),
(15, 1, 21, 'D007S-452-02-AT/AWT', 'Z490548', NULL, NULL),
(16, 2, 28, 'NA-R65011', '65BFT708R-16H10-01', NULL, NULL),
(17, 2, 28, 'NA-R65011', '65BFT708R-16H10-02', NULL, NULL),
(18, 2, 28, 'NA-R65011', '65BFT708R-16H10-03', NULL, NULL),
(19, 2, 28, 'NA-R65011', '65BFT708R-16H10-04', NULL, NULL),
(20, 2, 28, 'NA-R65011', '65BFT708R-16H10-05', NULL, NULL),
(21, 2, 28, 'NA-R65011', '65BFT708R-16H10-06', NULL, NULL),
(22, 2, 28, 'NA-R65011', '65BFT708R-16H10-07', NULL, NULL),
(23, 2, 28, 'NA-R65011', '65BFT708R-16H10-08', NULL, NULL),
(24, 2, 3, 'KW2000S-1900', '210851115', NULL, NULL),
(25, 2, 3, 'KW2000S-1900', '210851116', NULL, NULL),
(26, 2, 3, 'KW2000S-1900', '210851117', NULL, NULL),
(27, 3, 28, 'TC-7000/2000W/2000L', '20160615-245', NULL, NULL),
(28, 3, 28, 'TC-7000/2000W/2000L', '20160427-243', NULL, NULL),
(29, 3, 3, 'E80', '210811652', NULL, NULL),
(30, 4, 9, 'KAL-K3-01C', '22052101666', NULL, NULL),
(31, 17, 11, 'XJ-210P', 'PA3PJ00060', NULL, NULL),
(32, 5, 2, 'N/A', 'BTK0001', NULL, NULL),
(33, 5, 8, 'LK-1900BSS/MC670K', '2LIKG00126', NULL, NULL),
(34, 5, 8, 'LK-1900BSS/MC670K', '2LIKG00796', NULL, NULL),
(35, 5, 8, 'LK-1900BSS/MC670K', '2L1KG00804', NULL, NULL),
(36, 5, 8, 'LK1900BNSS/MC672K', '2L1PE00142', NULL, NULL),
(37, 5, 8, 'LK1900BNSS/MC672K', '2L1PE00143', NULL, NULL),
(38, 5, 2, 'KE-430D-01', 'G1Z36694', NULL, NULL),
(39, 5, 2, 'KE-430F-03', '61Z36705', NULL, NULL),
(40, 5, 2, 'KE-430F-03', 'G1Z36705', NULL, NULL),
(41, 5, 2, 'KE-430F-03', 'A1Z93681', NULL, NULL),
(42, 5, 2, 'KE-430F-03', 'A1Z93684', NULL, NULL),
(43, 5, 2, 'KE-430F-03', 'A1Z93691', NULL, NULL),
(44, 5, 2, 'KE-430FX-03', 'C4Z90066', NULL, NULL),
(45, 5, 2, 'KE-430FX-03', 'C4Z90067', NULL, NULL),
(46, 5, 2, 'KE-430FX-03', 'C4Z90070', NULL, NULL),
(47, 5, 2, 'KE-430FX-03', 'C4Z90172', NULL, NULL),
(48, 5, 2, 'KE-430F-03', 'C4Z90193', NULL, NULL),
(49, 5, 2, 'KE-430FX-03', 'C4Z90203', NULL, NULL),
(50, 5, 2, 'KE-430F-03', 'C4Z90205', NULL, NULL),
(51, 5, 2, 'KE-430FX-03', 'C4Z90206', NULL, NULL),
(52, 5, 2, 'KE-430FX-03', 'C4Z90216', NULL, NULL),
(53, 5, 2, 'KE-430D-01', 'C5Z44405', NULL, NULL),
(54, 5, 2, 'BE-438D-01', 'D0Z20300', NULL, NULL),
(55, 5, 2, 'BE-438D-01', 'D0Z20309', NULL, NULL),
(56, 5, 2, 'KE-430F-03 ', '93710', NULL, NULL),
(57, 5, 2, 'KE-430F-03 ', '93707', NULL, NULL),
(58, 5, 2, 'KE-430F-03 ', 'D2Z93686', NULL, NULL),
(59, 5, 2, 'KE-430D-01', 'D4Z47147', NULL, NULL),
(60, 5, 2, 'KE-430F-03 ', '36701', NULL, NULL),
(61, 5, 2, 'KE-430F-03 ', 'D5Z93664', NULL, NULL),
(62, 5, 2, 'BE-438D-01', 'G7Z66014', NULL, NULL),
(63, 5, 2, ' KE-430HX-03', 'H8Z51620', NULL, NULL),
(64, 5, 2, ' KE-430HX-03', 'H8Z51650', NULL, NULL),
(65, 5, 2, ' KE-430HX-03', 'H8Z51664', NULL, NULL),
(66, 5, 2, ' KE-430HX-03', 'H8Z52059', NULL, NULL),
(67, 5, 2, ' KE-430HX-03', 'H8Z52063', NULL, NULL),
(68, 5, 2, 'KE-430D-01', 'K5Z05115', NULL, NULL),
(69, 5, 2, 'KE-430D-01', 'K5Z05158', NULL, NULL),
(70, 5, 2, 'KE-430FX-03', 'L3Z46376', NULL, NULL),
(71, 5, 2, 'KE-430FX-03', 'L3Z46377', NULL, NULL),
(72, 5, 2, 'KE-430F-03', 'L3Z46387', NULL, NULL),
(73, 5, 2, 'KE-430FX-03', 'L3Z46392', NULL, NULL),
(74, 5, 2, 'KE-430FX-03', 'L3Z46394', NULL, NULL),
(75, 5, 2, 'KE-430FX-03', 'L3Z46395', NULL, NULL),
(76, 5, 2, 'BE-438D-01', 'L5Z06663', NULL, NULL),
(77, 5, 2, 'KE-430F-03 ', 'M0J85582', NULL, NULL),
(78, 5, 2, 'KE-430F-03', 'G1Z36700', NULL, NULL),
(79, 5, 2, 'KE-430C-07', 'L2112923', NULL, NULL),
(80, 7, 29, '5000011', '5000011', NULL, NULL),
(81, 7, 22, '103-161', '1005114-1', NULL, NULL),
(82, 7, 26, 'H-101-M', 'H-1168', NULL, NULL),
(83, 7, 26, 'H-101-M', 'H-1144', NULL, NULL),
(84, 8, 2, 'HE-800A-3', 'L5Z06471', NULL, NULL),
(85, 8, 2, 'HE-800A-3', 'L5Z06472S', NULL, NULL),
(86, 8, 8, 'LBH-1790AS/MC602KSS', '2L0KF00618', NULL, NULL),
(87, 8, 8, 'LBH-1790A-S', '2L0KF00639', NULL, NULL),
(88, 8, 8, 'LBH-1790AS/MC602KSS', '2L0KF00641', NULL, NULL),
(89, 8, 8, 'LBH-1790AS/MC602KSS', '2L0KF00647', NULL, NULL),
(90, 8, 2, 'HE-800A-3', '16779', NULL, NULL),
(91, 8, 8, 'LBH-1790AS/MC602KSS', '2L0KF00648', NULL, NULL),
(92, 8, 2, 'HE-800A-3', '16794', NULL, NULL),
(93, 8, 2, 'HE-800A-2', '7493', NULL, NULL),
(94, 8, 2, 'HE-800A-2', '04426', NULL, NULL),
(95, 8, 2, 'HE-800A-2', 'M1Z74927', NULL, NULL),
(96, 8, 2, 'HE-800A-2', 'M1Z74954', NULL, NULL),
(97, 8, 8, 'LBH-1790ANS/MC602KN', 'PLOMM00046', NULL, NULL),
(98, 8, 8, 'LBH-1790ANS/MC602KN', 'PLOMM00047', NULL, NULL),
(99, 8, 8, 'LBH-1790ANS/MC602KN', 'PLOMM00068S', NULL, NULL),
(100, 8, 8, 'LBH-1790ANS/MC602KN', 'PLOQF00420', NULL, NULL),
(101, 8, 8, 'LBH-1790ANSMC602KN', 'PLOQF00423', NULL, NULL),
(102, 8, 8, 'LBH-1790ANSMC602KN', 'PLOQF00431', NULL, NULL),
(103, 8, 2, 'HE-800A-3', 'M0Z84426', NULL, NULL),
(104, 9, 8, 'LK-1903BSS-301/MC672/KSS', '2L1LF00890', NULL, NULL),
(105, 9, 8, 'LK-1903BSS-301/MC672/KSS', '2L1LF00894', NULL, NULL),
(106, 9, 8, 'LK-1903BSS-301/MC-670K', '2L1KG01171', NULL, NULL),
(107, 9, 8, 'LK-1903BSS-301/MC-670K', '2L1KG01172', NULL, NULL),
(108, 9, 8, 'LK-1903BS-SS', '2L1KG01174', NULL, NULL),
(109, 9, 8, 'LK-1903BSS-301/MC-670K', '2LIKG01302', NULL, NULL),
(110, 9, 8, 'LK-1903BSS-301/MC-670K', '2L1KG01309', NULL, NULL),
(111, 9, 8, 'LK-1903BSS-301/MC-670K', '2L1KG01306', NULL, NULL),
(112, 9, 8, 'LK-1903BSS-301/MC-670K', '2LIKG01307', NULL, NULL),
(113, 9, 8, 'LK-1903B-SS', '2LILD00718', NULL, NULL),
(114, 9, 8, 'LK 1903B-SS', '2LILF00895', NULL, NULL),
(115, 9, 8, 'LK-1903B-SS', '2LILF00899', NULL, NULL),
(116, 9, 2, 'BE-438D', '29304', NULL, NULL),
(117, 9, 2, 'BE-438D', 'D0Z20293', NULL, NULL),
(118, 9, 2, 'BE-438D-01', 'J0Z20393', NULL, NULL),
(119, 9, 2, 'BE-438D-01', 'D0Z20320', NULL, NULL),
(120, 9, 2, 'BE-438D-01', 'D0Z20321', NULL, NULL),
(121, 9, 2, 'BE-438D-01', 'D0Z20324', NULL, NULL),
(122, 5, 2, 'KE-430F-03 ', 'G1Z36699', NULL, NULL),
(123, 9, 2, 'BE-438D', 'L5206685', NULL, NULL),
(124, 9, 2, 'BE-438D', 'L5Z06646', NULL, NULL),
(125, 9, 2, 'BE-438D', 'L5Z06659', NULL, NULL),
(126, 9, 2, 'BE-438D', 'L5Z06666', NULL, NULL),
(127, 9, 2, 'BE-438D', 'L5Z06679', NULL, NULL),
(128, 9, 2, 'BE-438F', '85923', NULL, NULL),
(129, 9, 2, 'BE-438F', 'H1Z51851', NULL, NULL),
(130, 9, 2, 'BE-438F', 'H1Z51869', NULL, NULL),
(131, 9, 2, 'BE-438F', 'H1Z51860', NULL, NULL),
(132, 10, 30, 'N/A', '7003', NULL, NULL),
(133, 11, 21, 'C007JD-W122-356/CH/UTQ', '225521', NULL, NULL),
(134, 11, 21, 'C007JD-W122-356/CH/UTQ', '12255920', NULL, NULL),
(135, 11, 21, 'C007JD-W122-356/CH/UTQ', '12266426', NULL, NULL),
(136, 11, 21, 'C007KD-W812A-356', '26265153', NULL, NULL),
(137, 11, 21, 'C007KD-W812A-356', '26265154', NULL, NULL),
(138, 11, 21, 'C007KD-W812A-356', '26265286', NULL, NULL),
(139, 11, 21, 'C007KD-W812A-356', '26268943', NULL, NULL),
(140, 11, 21, 'C007KD-W812A-356', '26269042', NULL, NULL),
(141, 11, 21, 'C007KD-W812A-356', '26269049', NULL, NULL),
(142, 11, 21, 'C007KD-W812A-356', '26269134', NULL, NULL),
(143, 11, 21, 'C007KD-W122-356/CH/UTS', '27259208', NULL, NULL),
(144, 11, 21, 'S007KD-W122-356/PCH-3M/UTY', '27300124', NULL, NULL),
(145, 11, 20, 'FW-777-CB-356', '006220401', NULL, NULL),
(146, 11, 17, 'W664-01GB', '0053596', NULL, NULL),
(147, 11, 17, 'W664', '0183891', NULL, NULL),
(148, 11, 21, 'C007KD-W122-356/CH/UTS', '117K001711', NULL, NULL),
(149, 11, 21, 'C007KD-W122-356/CH/UTS', '117K001792', NULL, NULL),
(150, 11, 21, 'C007KD-W122-356/CH/UTS', '117K002152', NULL, NULL),
(151, 11, 17, 'W664-03FB', '3705560', NULL, NULL),
(152, 11, 21, 'C007KD-W122-356/CH/UTS', '128300322', NULL, NULL),
(153, 11, 21, 'C007KD-W122-356/CH/UTS', '117K001703', NULL, NULL),
(154, 11, 21, 'C007KD-W122-356/CH/UTS', '117K001709', NULL, NULL),
(155, 11, 21, 'C007KD-W122-356/CH/UTS', '117K001712', NULL, NULL),
(156, 11, 21, 'C007KD-W122-356/CH/UTS', '117K001777', NULL, NULL),
(157, 11, 21, 'C007KD-W812A-356/CRL/UTS', '117K001778', NULL, NULL),
(158, 11, 21, 'C007KD-W122-356/CH/UTS', '117K001784', NULL, NULL),
(159, 11, 21, 'C007KD-W122-356/CH/UTS', '220K000543', NULL, NULL),
(160, 11, 21, 'C007KD-W122-356/CH/UTS', '25286885', NULL, NULL),
(161, 11, 21, 'C007KD-W122-356', '27254732', NULL, NULL),
(162, 11, 21, 'C007KD-W122-356/CH/UTS', '27259077', NULL, NULL),
(163, 11, 21, 'C007KD-W122-356/CH/UTS', '27259207', NULL, NULL),
(164, 11, 21, 'C007KD', '27300117', NULL, NULL),
(165, 11, 21, 'C007KD-W122-356', '117K003990', NULL, NULL),
(166, 11, 17, 'W664-01CB', '0186302', NULL, NULL),
(167, 11, 17, 'W664-01CB', '3707191', NULL, NULL),
(168, 11, 17, 'W664-01CB', '6879708', NULL, NULL),
(169, 11, 17, 'W664-01CB', '0866892', NULL, NULL),
(170, 11, 21, 'C007JD-W122-356/CH/UTQ', '12255420', NULL, NULL),
(171, 11, 21, 'C007JD-W122-356/CH/UTQ', '12260141', NULL, NULL),
(172, 11, 21, 'C007KD-W122-356/PCH-3M/UTT', '24300055', NULL, NULL),
(173, 11, 21, 'S007KD W122-356 PCH-3MUTY-DSKHZ', '24300109', NULL, NULL),
(174, 11, 21, 'S007KD-W122-356/PCH-3M/UTY', '24300122', NULL, NULL),
(175, 11, 21, 'S007KD-W122-356/PCH-3M/UTY', '24300776', NULL, NULL),
(176, 11, 21, 'C007JD-W122-356/CH/UTQ', '24301328', NULL, NULL),
(177, 11, 21, 'S007KD-W122-356/PCH-3M/UTY', '24301454', NULL, NULL),
(178, 11, 21, 'S007KD-W122-356/PCH-3M/UTY', '24301464', NULL, NULL),
(179, 11, 21, 'C007KD-W122-356/CH/UTS', '25279678', NULL, NULL),
(180, 11, 21, 'C007KD-W122-356', '25279841', NULL, NULL),
(181, 11, 21, 'C007KD-W122-356/CH/UTS', '25279843', NULL, NULL),
(182, 11, 21, 'C007KD-W122-356/CH/UTS', '25279847', NULL, NULL),
(183, 11, 21, 'C007KD-W122-356/CH/UTS', '25279855', NULL, NULL),
(184, 11, 21, 'C007KD-W122-356/CH/UTS', '25279872', NULL, NULL),
(185, 11, 21, 'C007KD-W122-356/CH/UTS', '25280372', NULL, NULL),
(186, 11, 21, 'C007KD-W122-356/CH/UTS', '25280391', NULL, NULL),
(187, 11, 21, 'C007KD-W122-356/CH/UTS', '25280381', NULL, NULL),
(188, 11, 21, 'C007KD-W122-356/CH/UTS', '25284176', NULL, NULL),
(189, 11, 21, 'C007KD-W122-356/CH/UTS', '25284204', NULL, NULL),
(190, 11, 21, 'C007KD-W122-356/CH/UTS', '25284239', NULL, NULL),
(191, 11, 21, 'C007KD-W122-356/CH/UTS', '25284241', NULL, NULL),
(192, 11, 21, 'C007KD-W122-356/CH/UTS', '25284244', NULL, NULL),
(193, 11, 21, 'C007KD-W122-356/CH/UTS', '25286890', NULL, NULL),
(194, 11, 21, 'C007KD-W122-356/CH/UTS', '25286892', NULL, NULL),
(195, 11, 21, 'C007KD-W122-356/CH/UTS', '2528725', NULL, NULL),
(196, 11, 21, 'C007KD-W122-356/CH/UTS', '25287253', NULL, NULL),
(197, 11, 21, 'C007KD-W122-356/CH/UTS', '25287255', NULL, NULL),
(198, 11, 21, 'C007KD-W122-356/CH/UTS', '25287258', NULL, NULL),
(199, 11, 21, 'C007KD-W122-356/CH/UTS', '25287260', NULL, NULL),
(200, 11, 21, 'C007KD-W122-356/CH/UTS', '25287261', NULL, NULL),
(201, 11, 21, 'C007KD-W122-356/CH/UTS', '25287262', NULL, NULL),
(202, 11, 21, 'C007KD-W122-356/CH/UTS', '25287263', NULL, NULL),
(203, 11, 21, 'C007KD-W122-356/CH/UTS', '25287265', NULL, NULL),
(204, 11, 21, 'C007KD-W122-356/CH/UTS', '25287559', NULL, NULL),
(205, 11, 21, 'C007KD-W122-356/CH/UTS', '25287482', NULL, NULL),
(206, 11, 21, 'C007KD-W812A-356', '26265068', NULL, NULL),
(207, 11, 21, 'C007KD-W812A-356', '26265169', NULL, NULL),
(208, 11, 21, 'C007KD-W122-356/CH/UTS', '26266561', NULL, NULL),
(209, 11, 21, 'C007KD-W122-356/CH/UTS', '26266682', NULL, NULL),
(210, 11, 21, 'C007KD-W812A-356', '26269127', NULL, NULL),
(211, 11, 21, 'S007KD-W122-356/PCH-3M/UTY', '26300854', NULL, NULL),
(212, 11, 21, 'S007KD-W122-356/PCH-3M/UTY', '26300859', NULL, NULL),
(213, 11, 21, 'S007KD-W122-356/PCH-3M/UTY', '26300867', NULL, NULL),
(214, 11, 21, 'S007KD-W122-356/PCH-3M/UTY', '26300880', NULL, NULL),
(215, 11, 21, 'S007KD-W122-356/PCH-3M/UTY', '26300906', NULL, NULL),
(216, 11, 21, 'S007KD-W122-356/PCH-3M/UTY', '26300912', NULL, NULL),
(217, 11, 21, 'S007KD-W122-356/PCH-3M/UTY', '26300951', NULL, NULL),
(218, 11, 21, 'S007KD-W122-356/PCH-3M/UTY', '26300981', NULL, NULL),
(219, 11, 21, 'C007KD', '26303324', NULL, NULL),
(220, 11, 21, 'C007KD-W122-356', '27253360', NULL, NULL),
(221, 11, 21, 'C007KD-W122-356', '27253367', NULL, NULL),
(222, 11, 21, 'C007KD-W122-356', '27253428', NULL, NULL),
(223, 11, 21, 'C007KD-W122-356', '27253445', NULL, NULL),
(224, 11, 21, 'C007KD-W122-356', '27253446', NULL, NULL),
(225, 11, 21, 'C007KD-W122-356', '27253477', NULL, NULL),
(226, 11, 21, 'C007KD-W122-356', '27253738', NULL, NULL),
(227, 11, 21, 'C007KD-W122-356', '27254579', NULL, NULL),
(228, 11, 21, 'C007KD-W122-356', '27254636', NULL, NULL),
(229, 11, 21, 'C007KD-W122-356', '27254640', NULL, NULL),
(230, 11, 21, 'C007KD-W122-356/CH/UTS', '27254645', NULL, NULL),
(231, 11, 21, 'C007KD-W122-356', '27254657', NULL, NULL),
(232, 11, 21, 'C007KD-W122-356', '27254714', NULL, NULL),
(233, 11, 21, 'C007KD-W122-356', '27254715', NULL, NULL),
(234, 11, 21, 'C007KD-W122-356', '27254716', NULL, NULL),
(235, 11, 21, 'C007KD-W122-356', '27254717', NULL, NULL),
(236, 11, 21, 'C007KD-W122-356', '27254726', NULL, NULL),
(237, 11, 21, 'C007KD-W122-356', '27254731', NULL, NULL),
(238, 11, 21, 'C007KD-W122-356/CH/UTS', '27254736', NULL, NULL),
(239, 11, 21, 'C007KD-W122-356', '27254737', NULL, NULL),
(240, 11, 21, 'C007KD-W122-356', '27254740', NULL, NULL),
(241, 11, 21, 'C007KD-W122-356', '27254742', NULL, NULL),
(242, 11, 21, 'C007KD-W122-356', '27254746', NULL, NULL),
(243, 11, 21, 'C007KD-W122-356', '27254756', NULL, NULL),
(244, 11, 21, 'C007KD-W122-356', '27254761', NULL, NULL),
(245, 11, 21, 'C007KD-W122-356', '27254899', NULL, NULL),
(246, 11, 21, 'C007KD-W122-356', '27254902', NULL, NULL),
(247, 11, 21, 'C007KD-W122-356/CH/UTS', '27254904', NULL, NULL),
(248, 11, 21, 'C007KD-W122-356', '27254909', NULL, NULL),
(249, 11, 21, 'S007KD-W122-356/PCH-3M/UTY', '27255413', NULL, NULL),
(250, 11, 21, 'C007KD-W122-356/CH/UTS', '27256087', NULL, NULL),
(251, 11, 21, 'C007KD-W122-356', '27256088', NULL, NULL),
(252, 11, 21, 'C007KD-W122-356/CH/UTS', '27256102', NULL, NULL),
(253, 11, 21, 'C007KD-W122-356/CH/UTS', '27256125', NULL, NULL),
(254, 11, 21, 'C007KD-W122-356/CH/UTS', '27256127', NULL, NULL),
(255, 11, 21, 'C007KD-W122-356/CH/UTS', '27256147', NULL, NULL),
(256, 11, 21, 'C007KD-W122-356', '27256902', NULL, NULL),
(257, 11, 21, 'C007KD-W122-356', '27256918', NULL, NULL),
(258, 11, 21, 'C007KD-W122-356', '27256922', NULL, NULL),
(259, 11, 21, 'C007KD-W122-356/CH/UTS', '27257145', NULL, NULL),
(260, 11, 21, 'C007KD-W122-356/CH/UTS', '27257445', NULL, NULL),
(261, 11, 21, 'C007KD-W122-356', '27257450', NULL, NULL),
(262, 11, 21, 'C007KD-W122-356', '27257453', NULL, NULL),
(263, 11, 21, 'C007KD-W122-356', '27257455', NULL, NULL),
(264, 11, 21, 'C007KD-W122-356', '27257466', NULL, NULL),
(265, 11, 21, 'C007KD-W122-356', '27257470', NULL, NULL),
(266, 11, 21, 'C007KD-W122-356', '27257471', NULL, NULL),
(267, 11, 21, 'C007KD-W122-356', '27257479', NULL, NULL),
(268, 11, 21, 'C007KD-W122-356', '27257515', NULL, NULL),
(269, 11, 21, 'C007KD-W122-356', '27257518', NULL, NULL),
(270, 11, 21, 'C007KD-W122-356', '27257521', NULL, NULL),
(271, 11, 21, 'C007KD-W122-356', '27257523', NULL, NULL),
(272, 11, 21, 'C007KD-W122-356', '27257524', NULL, NULL),
(273, 11, 21, 'C007KD-W122-356', '27257527', NULL, NULL),
(274, 11, 21, 'C007KD-W122-356', '27257532', NULL, NULL),
(275, 11, 21, 'C007KD-W122-356', '27257533', NULL, NULL),
(276, 11, 21, 'C007KD-W122-356', '27257534', NULL, NULL),
(277, 11, 21, 'C007KD-W122-356', '27257535', NULL, NULL),
(278, 11, 21, 'C007KD-W122-356', '27257538', NULL, NULL),
(279, 11, 21, 'C007KD-W122-356', '27257539', NULL, NULL),
(280, 11, 21, 'C007KD-W122-356', '27257545', NULL, NULL),
(281, 11, 21, 'C007KD-W122-356', '27257546', NULL, NULL),
(282, 11, 21, 'C007KD-W122-356', '27257547', NULL, NULL),
(283, 11, 21, 'C007KD-W122-356', '27257549', NULL, NULL),
(284, 11, 21, 'C007KD-W122-356', '27257550', NULL, NULL),
(285, 11, 21, 'C007KD-W122-356', '27257551', NULL, NULL),
(286, 11, 21, 'C007KD-W122-356/CH/UTS', '27259039', NULL, NULL),
(287, 11, 21, 'S007KD', '27259044', NULL, NULL),
(288, 11, 21, 'C007KD-W122-356/CH/UTS', '27259086', NULL, NULL),
(289, 11, 21, 'C007KD-W122-356/CH/UTS', '27259107', NULL, NULL),
(290, 11, 21, 'C007KD-W122-356/CH/UTS', '27259111', NULL, NULL),
(291, 11, 21, 'C007KD-W122-356/CH/UTS', '27259116', NULL, NULL),
(292, 11, 21, 'C007KD-W122-356/CH/UTS', '27259127', NULL, NULL),
(293, 11, 21, 'C007KD-W122-356/CH/UTS', '27259130', NULL, NULL),
(294, 11, 21, 'C007KD-W122-356/CH/UTS', '27259135', NULL, NULL),
(295, 11, 21, 'C007KD-W122-356/CH/UTS', '27259160', NULL, NULL),
(296, 11, 21, 'C007KD-W122-356/CH/UTS', '27259164', NULL, NULL),
(297, 11, 21, 'C007KD-W122-356/CH/UTS', '27259169', NULL, NULL),
(298, 11, 21, 'C007KD-W122-356/CH/UTS', '27259179', NULL, NULL),
(299, 11, 21, 'C007KD-W122-356/CH/UTS', '27259183', NULL, NULL),
(300, 11, 21, 'C007KD-W122-356/CH/UTS', '27259187', NULL, NULL),
(301, 11, 21, 'C007KD-W122-356/CH/UTS', '27259201', NULL, NULL),
(302, 11, 21, 'C007KD-W122-356/CH/UTS', '27259203', NULL, NULL),
(303, 11, 21, 'C007KD-W122-356/CH/UTS', '27259210', NULL, NULL),
(304, 11, 21, 'C007KD-W122-356/CH/UTS', '27259211', NULL, NULL),
(305, 11, 21, 'C007KD-W122-356/CH/UTS', '27259215', NULL, NULL),
(306, 11, 21, 'C007KD-W122-356/CH/UTS', '27259220', NULL, NULL),
(307, 11, 21, 'C007KD-W122-356/CH/UTS', '272597222', NULL, NULL),
(308, 11, 21, 'S007KD-W122-356/PCH-3M/UTY', '27300035', NULL, NULL),
(309, 11, 21, 'S007KD-W122-356/PCH-3M/UTY', '27300058', NULL, NULL),
(310, 11, 21, 'S007KD-W122-356/PCH-3M/UTY', '27300116', NULL, NULL),
(311, 11, 21, 'S007KD-W122-356/PCH-3M/UTY', '27300118', NULL, NULL),
(312, 11, 21, 'S007KD-W122-356/PCH-3M/UTY', '27300120', NULL, NULL),
(313, 11, 21, 'S007KD-W122-356/PCH-3M/UTY', '27300122', NULL, NULL),
(314, 11, 21, 'S007KD-W122-356/PCH-3M/UTY', '27300129', NULL, NULL),
(315, 11, 21, 'S007KD-W122-356/PCH-3M/UTY', '27300130', NULL, NULL),
(316, 11, 21, 'S007KD-W122-356/PCH-3M/UTY', '27300132', NULL, NULL),
(317, 11, 21, 'S007KD-W122-356/PCH-3M/UTY', '27300196', NULL, NULL),
(318, 11, 21, 'S007KD-W122-356/PCH-3M/UTY', '27300203', NULL, NULL),
(319, 11, 21, 'S007KD-W122-356/PCH-3M/UTY', '27300245', NULL, NULL),
(320, 11, 21, 'S007KD-W122-356/PCH-3M/UTY', '27300295', NULL, NULL),
(321, 11, 21, 'C007KD-W812A-356/CRL/UTS', '127253511', NULL, NULL),
(322, 11, 21, 'C007KD-W812A-356/CRL/UTS', '127253559', NULL, NULL),
(323, 11, 21, 'C007KD-W812A-356/CRL/UTS', '127253579', NULL, NULL),
(324, 11, 21, 'C007KD-W812A-356/CRL/UTS', '127253581', NULL, NULL),
(325, 11, 21, 'C007KD-W812A-356/CRL/UTS', '127253588', NULL, NULL),
(326, 11, 21, 'C007KD-W812A-356/CRL/UTS', '127253662', NULL, NULL),
(327, 11, 21, 'C007KD-W812A-356/CRL/UTS', '127253893', NULL, NULL),
(328, 11, 21, 'C007KD-W812A-356/CRL/UTS', '127254023', NULL, NULL),
(329, 11, 21, 'C007KD-W812A-356/CRL/UTS', '127254035', NULL, NULL),
(330, 11, 21, 'C007KD-W122-356', '28253866', NULL, NULL),
(331, 11, 21, 'C007KD-W812A-356', '128253876', NULL, NULL),
(332, 11, 21, 'C007KD-W812A-356', '128253880', NULL, NULL),
(333, 11, 21, 'C007KD-W122-356', '28253891', NULL, NULL),
(334, 11, 21, 'C007KD', '128253898', NULL, NULL),
(335, 11, 21, 'C007KD-W812A-356/CRL/UTS', '127253596', NULL, NULL),
(336, 11, 21, 'C007KD-W812A-356/CRL/UTS', '12725976', NULL, NULL),
(337, 11, 21, 'S007KD-W122-356/PCH-3M/UTY', '25399922', NULL, NULL),
(338, 11, 21, 'C007KD-W812A-356/CRL/UTS', '27253991', NULL, NULL),
(339, 11, 21, 'C007KD-W812A-356/CRL/UTS', '127253995', NULL, NULL),
(340, 11, 21, 'C007KD-W812A-356/CRL/UTS', '128253752', NULL, NULL),
(341, 11, 21, 'C007KD-W812A-356/CRL/UTS', '1272544476', NULL, NULL),
(342, 11, 21, 'C007KD', ' 116K004757', NULL, NULL),
(343, 11, 21, 'C007KD-W122-356/CH/UTS', ' 117K002158', NULL, NULL),
(344, 11, 17, 'W600', '0108148', NULL, NULL),
(345, 11, 17, 'W600', '108160', NULL, NULL),
(346, 11, 17, 'W664-01CB', '179396', NULL, NULL),
(347, 11, 17, 'W600', '0179391', NULL, NULL),
(348, 12, 17, 'W500', '3433023', NULL, NULL),
(349, 11, 17, 'W664-01GB', '0186304', NULL, NULL),
(350, 11, 17, 'W664-01GB', '0183902', NULL, NULL),
(351, 11, 17, 'W600', '0183911', NULL, NULL),
(352, 11, 17, 'W664-01CB', '0186293', NULL, NULL),
(353, 11, 17, 'W600', '0186295', NULL, NULL),
(354, 11, 17, 'W664-01CB', '0186296', NULL, NULL),
(355, 11, 17, 'W600', '0186297', NULL, NULL),
(356, 11, 17, 'W664-01CB', '0191511', NULL, NULL),
(357, 11, 21, 'C007KD-W122-356/CH/UTS', '118K004759', NULL, NULL),
(358, 11, 21, 'C007KD-W122-356/CH/UTS', '117K000116', NULL, NULL),
(359, 11, 21, 'C007KD-W122-356/CH/UTS', '117K001652', NULL, NULL),
(360, 11, 21, 'C007KD-W122-356/CH/UTS', '117K001690', NULL, NULL),
(361, 11, 21, 'C007KD-W122-356/CH/UTS', '117K001691', NULL, NULL),
(362, 11, 21, 'C007KD-W812A-356/CRL/UTS', '117K001692', NULL, NULL),
(363, 11, 21, 'C007KD-W122-356/CH/UTS', '117K001706', NULL, NULL),
(364, 11, 21, 'C007KD-W122-356/CH/UTS', '117K001707', NULL, NULL),
(365, 11, 21, 'C007KD-W122-356/CH/UTS', '117K001710', NULL, NULL),
(366, 11, 21, 'C007KD-W122-356/CH/UTS', '0086041', NULL, NULL),
(367, 11, 21, 'C007KD-W122-356/CH/UTS', '117K001713', NULL, NULL),
(368, 11, 21, 'C007KD-W122-356/CH/UTS', '117K001714', NULL, NULL),
(369, 11, 21, 'C007KD-W122-356/CH/UTS', '117K001715', NULL, NULL),
(370, 11, 21, 'C007KD-W122-356/CH/UTS', '117K001716', NULL, NULL),
(371, 11, 21, 'C007KD-W122-356/CH/UTS', '117K001717', NULL, NULL),
(372, 11, 21, 'C007KD-W122-356/CH/UTS', '117K001718', NULL, NULL),
(373, 11, 21, 'C007KD-W812A-356/CRL/UTS', '117K001769', NULL, NULL),
(374, 11, 21, 'C007KD-W812A-356/CRL/UTS', '117K001773', NULL, NULL),
(375, 11, 21, 'C007KD-W812A-356/CRL/UTS', '117K001775', NULL, NULL),
(376, 11, 21, 'C007KD-W122-356/CH/UTS', '117K001779', NULL, NULL),
(377, 11, 21, 'C007KD-W122-356/CH/UTS', '117K001780', NULL, NULL),
(378, 11, 21, 'C007KD-W122-356/CH/UTS', '117K001782', NULL, NULL),
(379, 11, 21, 'C007KD-W122-356/CH/UTS', '117K001783', NULL, NULL),
(380, 11, 21, 'C007KD-W122-356/CH/UTS', '117K001785', NULL, NULL),
(381, 11, 21, 'C007KD-W122-356/CH/UTS', '117K001786', NULL, NULL),
(382, 11, 21, 'C007KD-W122-356/CH/UTS', '117K001788', NULL, NULL),
(383, 11, 21, 'C007KD-W122-356/CH/UTS/DCHM0160E-E', '117K001789', NULL, NULL),
(384, 11, 21, 'C007KD-W122-356/CH/UTS', '117K001791', NULL, NULL),
(385, 11, 21, 'C007KD-W122-356/CH/UTS', '117K001793', NULL, NULL),
(386, 11, 21, 'C007KD-W122-356/CH/UTS', '117K001795', NULL, NULL),
(387, 11, 21, 'C007KD-W122-356/CH/UTS', '117K001796', NULL, NULL),
(388, 11, 21, 'C007KD-W122-356/CH/UTS', '117K001797', NULL, NULL),
(389, 11, 21, 'C007KD-W122-356/CH/UTS', '117K001799', NULL, NULL),
(390, 11, 21, 'C007KD-W122-356/CH/UTS', '117K002151', NULL, NULL),
(391, 11, 21, 'C007KD-W122-356/CH/UTS', '117K002155', NULL, NULL),
(392, 11, 21, 'S007KD', '117K002156', NULL, NULL),
(393, 11, 21, 'S007KD W122-356 PCH-3M/UTY-/DSKHZ', '117K002159', NULL, NULL),
(394, 11, 21, 'S007KD', '117K002160', NULL, NULL),
(395, 11, 21, 'C007KD-W122-356/CH/UTS', '117K00216', NULL, NULL),
(396, 11, 21, 'C007KD-W122-356/CH/UTS', '117K002162', NULL, NULL),
(397, 11, 21, 'C007KD-W122-356/CH/UTS', '117K002165', NULL, NULL),
(398, 11, 21, 'C007KD-W122-356/CH/UTS', '117K002166', NULL, NULL),
(399, 11, 21, 'C007KD-W122-356/CH/UTS', '117K002167', NULL, NULL),
(400, 11, 21, 'C007KD-W122-356/CH/UTS', '117K002168', NULL, NULL),
(401, 11, 21, 'S007KD', '117K002169', NULL, NULL),
(402, 11, 21, 'S007KD', '117K002170', NULL, NULL),
(403, 11, 21, 'S007KD-W122-356/PCH-3M/UTY', '117K003963', NULL, NULL),
(404, 11, 21, 'C007KD', '117K003968', NULL, NULL),
(405, 11, 21, 'C007KD-W122-356', '003973', NULL, NULL),
(406, 11, 21, 'S007KD-W122-356/PCH-3M/UTY', '117K003974', NULL, NULL),
(407, 11, 21, 'C007KD-W122-356/CH/UTS', '117K003989', NULL, NULL),
(408, 11, 21, 'C007KD-W122-356/CH/UTS', '118K017909', NULL, NULL),
(409, 11, 21, 'C007KD-W122-356/CH/UTS', '118K017925', NULL, NULL),
(410, 11, 21, 'C007KD-W122-356/CH/UTS', '118K017935', NULL, NULL),
(411, 11, 21, 'C007KD-W122-356/CH/UTS', '118K017937', NULL, NULL),
(412, 11, 21, 'C007KD-W122-356/CH/UTS', '118K017940', NULL, NULL),
(413, 11, 21, 'C007KD-W122-356/CH/UTQ', '1211K043860', NULL, NULL),
(414, 11, 21, 'C007KD-W122-356/CH/UTQ', '121K076555', NULL, NULL),
(415, 11, 21, 'C007KD-W122-356/CH/UTQ', '121K043864', NULL, NULL),
(416, 11, 21, 'C007KD-W122-356/CH/UTQ', '121K043856', NULL, NULL),
(417, 11, 21, 'C007KD-W122-356/CH/UTQ', '121K043875', NULL, NULL),
(418, 11, 21, 'C007KD-W122-356/CH/UTQ', '121K0438351', NULL, NULL),
(419, 11, 21, 'C007KD-W122-356/CH/UTQ', '1211K043832', NULL, NULL),
(420, 11, 21, 'C007KD-W122-356/CH/UTQ', '1211K043838', NULL, NULL),
(421, 11, 21, 'C007KD-W122-356/CH/UTQ', '1211K043839', NULL, NULL),
(422, 11, 21, 'C007KD-W122-356/CH/UTQ', '1211K043840', NULL, NULL),
(423, 11, 21, 'C007KD-W122-356/CH/UTQ', '1211K043845', NULL, NULL),
(424, 11, 21, 'C007KD-W122-356/CH/UTQ', '1211K043857', NULL, NULL),
(425, 11, 21, 'C007KD-W122-356/CH/UTQ', '1211K043861', NULL, NULL),
(426, 11, 21, 'C007KD-W122-356/CH/UTQ', '1211K043868', NULL, NULL),
(427, 11, 21, 'C007KD-W122-356/CH/UTQ', '1211K043876', NULL, NULL),
(428, 11, 21, 'C007KD-W122-356/CH/UTQ', '1211K043877', NULL, NULL),
(429, 11, 21, 'C007KD-W122-356/CH/UTQ', '1211K043879', NULL, NULL),
(430, 11, 21, 'C007KD-W122-356/CH/UTQ', '1211K051570', NULL, NULL),
(431, 11, 21, 'C007KD-W122-356/CH/UTQ', '1211K051571', NULL, NULL),
(432, 11, 21, 'C007KD-W122-356/CH/UTQ', '1211K051575', NULL, NULL),
(433, 11, 21, 'C007KD-W122-356/CH/UTQ', '1211K051576', NULL, NULL),
(434, 11, 21, 'C007KD-W122-356/CH/UTQ', '1211K051580', NULL, NULL),
(435, 11, 21, 'C007KD-W122-356/CH/UTQ', '1211K051590', NULL, NULL),
(436, 11, 21, 'C007KD-W122-356/CH/UTQ', '1211K051592', NULL, NULL),
(437, 11, 21, 'C007KD-W122-356/CH/UTQ', '1211K051593', NULL, NULL),
(438, 11, 21, 'C007KD-W122-356/CH/UTQ', '1211K051594', NULL, NULL),
(439, 11, 21, 'C007KD-W122-356/CH/UTQ', '1211K051598', NULL, NULL),
(440, 11, 21, 'S007KD-W122-356/PCH-3M/UTY', '1211K076546', NULL, NULL),
(441, 11, 21, 'S007KD-W122-356/PCH-3M/UTT/DSKH1-1', '1211K076561', NULL, NULL),
(442, 11, 21, 'S007KD-W122-356/PCH-3M/UTY', '1211K076564', NULL, NULL),
(443, 11, 21, 'S007KD-W812A-356/SRL/UTT-DSKH1-1', '219K003178', NULL, NULL),
(444, 11, 21, 'S007KD-W812A-356/SRL/UTT-DSKH1-1', '219K003179', NULL, NULL),
(445, 11, 21, 'S007KD-W812A-356/SRL/UTT-DSKH1-1', '219K003181', NULL, NULL),
(446, 11, 21, 'S007KD-W812A-356/SRL/UTT-DSKH1-1', '219K003186', NULL, NULL),
(447, 11, 21, 'C007KD-W122-356/CH/UTS', '220K000526', NULL, NULL),
(448, 11, 21, 'C007KD-W122-356/CH/UTS', '220K000538', NULL, NULL),
(449, 11, 21, 'C007KD-W122-356/CH/UTS', '220K000544', NULL, NULL),
(450, 11, 21, 'C007KD-W122-356/CH/UTS', '220K000550', NULL, NULL),
(451, 11, 21, 'C007KD-W122-356/CH/UTS', '220K000553', NULL, NULL),
(452, 11, 21, 'C007KD-W122-356/CH/UTS', '220K000560', NULL, NULL),
(453, 11, 21, 'C007KD-W122-356/CH/UTS', '220K000563', NULL, NULL),
(454, 11, 21, 'C007KD-W122-356/CH/UTS', '220K000568', NULL, NULL),
(455, 11, 21, 'C007KD-W122-356/CH/UTS', '220K000570', NULL, NULL),
(456, 11, 21, 'C007KD-W122-356/CH/UTS', '220K000578', NULL, NULL),
(457, 11, 21, 'C007KD-W122-356/CH/UTS', '220K000582', NULL, NULL),
(458, 11, 21, 'C007KD-W122-356/CH/UTS', '220K000583', NULL, NULL),
(459, 11, 21, 'C007KD-W122-356/CH/UTS', '220K000588', NULL, NULL),
(460, 11, 21, 'C007KD-W122-356/CH/UTS', '220K000590', NULL, NULL),
(461, 11, 21, 'C007KD-W122-356/CH/UTS', '220K000592', NULL, NULL),
(462, 11, 21, 'C007KD-W122-356/CH/UTS', '220K000605', NULL, NULL),
(463, 11, 21, 'C007KD-W122-356/CH/UTS', '220K000606', NULL, NULL),
(464, 11, 21, 'C007KD-W122-356/CH/UTS', '220K000607', NULL, NULL),
(465, 11, 21, 'C007KD-W122-356/CH/UTS', '220K000609', NULL, NULL),
(466, 11, 21, 'C007KD-W122-356/CH/UTS', '220K000609', NULL, NULL),
(467, 11, 21, 'C007KD-W122-356/CH/UTS', '220K000620', NULL, NULL),
(468, 11, 21, 'C007KD-W122-356/CH/UTS', '220K000628', NULL, NULL),
(469, 11, 21, 'C007KD-W122-356/CH/UTS', '220K000640', NULL, NULL),
(470, 11, 21, 'C007KD-W122-356/CH/UTS', '220K000698', NULL, NULL),
(471, 11, 21, 'C007KD-W122-356/CH/UTS DCKH1-1', '220K000712', NULL, NULL),
(472, 11, 21, 'C007KD-W122-356/CH/UTS', '25279851', NULL, NULL),
(473, 11, 21, 'C007KD-W122-356/CH/UTS', '27256138', NULL, NULL),
(474, 11, 17, 'W664-01GB', '6855482', NULL, NULL),
(475, 11, 17, 'W664-01CB', '6861025', NULL, NULL),
(476, 12, 17, 'W562', '3433010', NULL, NULL),
(477, 12, 17, 'W562', '3433653', NULL, NULL),
(478, 12, 17, 'W582', '3433667', NULL, NULL),
(479, 12, 21, 'F007J-W222X356/FQ', '13148547E', NULL, NULL),
(480, 12, 21, 'F007J-W222X356/FQ', '2154844', NULL, NULL),
(481, 12, 21, 'F007J-W222X356/FQ', '2254834', NULL, NULL),
(482, 12, 17, 'W562-01GB', '3433014', NULL, NULL),
(483, 12, 21, 'F007J-W222X356/FQ', '2154844', NULL, NULL),
(484, 12, 21, 'F007J-W222X356/FQ', '2137444', NULL, NULL),
(485, 12, 21, 'F007J-W222X356/FQ', '2152595', NULL, NULL),
(486, 12, 21, 'F007J-W222X356/FQ', '21548256', NULL, NULL),
(487, 12, 21, 'F007J-W222X356/FQ', '2154823', NULL, NULL),
(488, 12, 21, 'F007J-W222X356/FQ', '2155133', NULL, NULL),
(489, 12, 17, 'W542', '3411194', NULL, NULL),
(490, 12, 17, 'W562-01GB', '3426975', NULL, NULL),
(491, 12, 17, 'W562-01GB', '3430023', NULL, NULL),
(492, 12, 17, 'W562-01GB', '3432429', NULL, NULL),
(493, 12, 17, 'W500', '3433006', NULL, NULL),
(494, 12, 17, 'W562', '3433654', NULL, NULL),
(495, 12, 17, 'W562-01GB', '3433658', NULL, NULL),
(496, 12, 17, 'W562', '3433674', NULL, NULL),
(497, 12, 17, 'W562-01GB', '3433675', NULL, NULL),
(498, 12, 17, 'W500', '3433663', NULL, NULL),
(499, 12, 17, 'W500', '3433729', NULL, NULL),
(500, 12, 17, 'W500', '3434968', NULL, NULL),
(501, 12, 17, 'W562-01GB', '3435795', NULL, NULL),
(502, 12, 21, 'F007J-W222X356/FQ', '13148361D', NULL, NULL),
(503, 12, 21, 'F007J-W222X356/FQ', '2153604', NULL, NULL),
(504, 12, 21, 'F007J-W222X356/FQ', '2155335', NULL, NULL),
(505, 12, 17, 'W500', '3432437', NULL, NULL),
(506, 13, 19, 'W366 2P-35B', '7162755', NULL, NULL),
(507, 13, 19, 'SK1128-FM3-DG-QD', '7162765', NULL, NULL),
(508, 15, 15, 'MH-3800', '10311980092', NULL, NULL),
(509, 15, 15, 'MH-3800', '00511980852', NULL, NULL),
(510, 15, 15, 'MH-3800', '10311980095', NULL, NULL),
(511, 15, 15, 'MH-3800', '01211980044', NULL, NULL),
(512, 15, 15, 'MH-3800', '11980043', NULL, NULL),
(513, 15, 15, 'MH-3800', '01211980041', NULL, NULL),
(514, 16, 8, 'N/A', 'DNL0001', NULL, NULL),
(515, 16, 8, 'LH-3568A-7', '8L3KE00915', NULL, NULL),
(516, 16, 8, 'LH-3168-7', 'LHODC07156', NULL, NULL),
(517, 16, 8, 'LH-3128-7', 'LHODD07646', NULL, NULL),
(518, 16, 8, 'LH-3568ASF-7-WB/SC920/CP18', '8L3KE00897', NULL, NULL),
(519, 16, 8, 'LH-3568ASF-7-WB/SC920/CP18', '8L3KE00906', NULL, NULL),
(520, 16, 8, 'LH-3568ASF-7-WB/SC920/CP18', '8L3KE00907', NULL, NULL),
(521, 16, 8, 'LH-3568ASF-7-WB/SC920/CP18', '8L3KE00909', NULL, NULL),
(522, 16, 8, 'LH-3568ASF-7-WB/SC920/CP18', '8L3KE00911', NULL, NULL),
(523, 16, 8, 'LH-3568ASF-7-WB/SC920/CP18', '8L3KE00912', NULL, NULL),
(524, 16, 8, 'LH-3168', 'LHOBH06259', NULL, NULL),
(525, 16, 8, 'LH-3128', '07671', NULL, NULL),
(526, 16, 8, 'LH-3128', '07655', NULL, NULL),
(527, 16, 8, 'LH-3128-7', 'LHODF03285', NULL, NULL),
(528, 16, 8, 'LH-3128-7', 'LHODF03368', NULL, NULL),
(529, 16, 8, 'LH-3168-7', 'LHODG05179', NULL, NULL),
(530, 16, 8, 'LH-3168-7', 'LH0DG05154', NULL, NULL),
(531, 16, 8, 'LH-3168', 'LH0DH06253', NULL, NULL),
(532, 16, 8, 'LH-3168-7', 'LH0DH06273', NULL, NULL),
(533, 16, 8, 'LH-3168-7', 'LHOCG05170', NULL, NULL),
(534, 16, 8, 'LH-3168-7', 'LHODC07182', NULL, NULL),
(535, 16, 8, 'LH-3128-7', 'LHODF07645', NULL, NULL),
(536, 8, 8, 'LBH-1790A-S', '2L0KF00645', NULL, NULL),
(537, 26, 23, 'ST-260', 'PEC0001', NULL, NULL),
(538, 26, 23, 'ST-260', 'PEC0002', NULL, NULL),
(539, 26, 23, 'ST-260', 'PEC0003', NULL, NULL),
(540, 26, 23, 'ST-260', 'PEC0004', NULL, NULL),
(541, 26, 23, 'ST-260', 'PEC0005', NULL, NULL),
(542, 26, 23, 'ST-260', 'PEC0006', NULL, NULL),
(543, 26, 23, 'ST-260', 'PEC0007', NULL, NULL),
(544, 26, 23, 'ST-260', 'PEC0008', NULL, NULL),
(545, 26, 23, 'ST-260', 'PEC0009', NULL, NULL),
(546, 26, 23, 'ST-260', 'PEC0010', NULL, NULL),
(547, 26, 23, 'ST-260', 'PEC0011', NULL, NULL),
(548, 26, 23, 'ST-260', 'PEC0012', NULL, NULL),
(549, 26, 23, 'ST-260', 'PEC0013', NULL, NULL),
(550, 26, 23, 'ST-260', 'PEC0014', NULL, NULL),
(551, 26, 23, 'ST-260', 'PEC0015', NULL, NULL),
(552, 26, 23, 'ST-260', 'PEC0016', NULL, NULL),
(553, 35, 12, 'KS AU V 10\"', 'SKCK0001', NULL, NULL),
(554, 35, 12, 'KS AU V 10\"', 'SKCK0002', NULL, NULL),
(555, 35, 12, 'KS AU V 10\"', 'SKCK0003', NULL, NULL),
(556, 35, 12, 'KS AU V 10\"', 'SKCK0004', NULL, NULL),
(557, 35, 12, 'KS AU V 10\"', 'SKCK0005', NULL, NULL),
(558, 35, 12, 'KS AU V 10\"', '23324717', NULL, NULL),
(559, 35, 5, '629X', 'SKCE0001', NULL, NULL),
(560, 19, 15, 'SY-N300', '2107045', NULL, NULL),
(561, 19, 7, 'HP-450MS', '053716V', NULL, NULL),
(562, 19, 7, 'HP-450MS', '053816V', NULL, NULL),
(563, 19, 7, 'HP-450MS', '68913', NULL, NULL),
(564, 19, 7, 'HP-450MS', '69013', NULL, NULL),
(565, 19, 7, 'HP-450MS', '69213', NULL, NULL),
(566, 19, 7, 'HP-450MS', '053614', NULL, NULL),
(567, 19, 7, 'HP-450MS', '052815V', NULL, NULL),
(568, 19, 7, 'HP-450MS', '086416V', NULL, NULL),
(569, 19, 7, 'HP-450MS', '086516V', NULL, NULL),
(570, 20, 7, 'HN-750G-100', '003408', NULL, NULL),
(571, 20, 7, 'HN-750G-100', '003508', NULL, NULL),
(572, 20, 7, 'HN-780G-100', '001018', NULL, NULL),
(573, 20, 7, 'HN-780G-100', '001118', NULL, NULL),
(574, 20, 7, 'HN-780G-100', '001218', NULL, NULL),
(575, 20, 7, 'HN-780G-100', '001318', NULL, NULL),
(576, 20, 7, 'HN-780G-100', '001418', NULL, NULL),
(577, 20, 7, 'HN-750G-100', '012407', NULL, NULL),
(578, 21, 21, '747F-514M2-24', '234025S', NULL, NULL),
(579, 21, 21, '747F-514M2-24', '103376', NULL, NULL),
(580, 21, 21, '747F-514M2-24', '6013356', NULL, NULL),
(581, 21, 21, '747F-514M2-24', 'D2090119', NULL, NULL),
(582, 21, 21, '747F-514M2-24', '231405H', NULL, NULL),
(583, 21, 21, '747F-514M2-24', '273256', NULL, NULL),
(584, 21, 21, '747F-514M2-24', '233727', NULL, NULL),
(585, 21, 21, '747F-514M2-24', '455105', NULL, NULL),
(586, 21, 21, '747F-514M2-24', '5063626L', NULL, NULL),
(587, 21, 21, '747F-514M2-24', '2040991', NULL, NULL),
(588, 21, 21, '747F-514M2-24', '4048548N', NULL, NULL),
(589, 21, 21, '747F-514M2-24', '406208', NULL, NULL),
(590, 21, 21, '747F-514M2-24', '4064050', NULL, NULL),
(591, 21, 21, '747F-514M2-24', '10106442', NULL, NULL),
(592, 21, 21, '747K-514M2-24', '0030496L', NULL, NULL),
(593, 21, 21, '747F-514M2-24', '10107612', NULL, NULL),
(594, 21, 21, '747K-514M2-24', '128057983', NULL, NULL),
(595, 21, 21, '747K-514M2-24', '225700538', NULL, NULL),
(596, 21, 21, '747K-514M2-24', '128057991', NULL, NULL),
(597, 21, 21, '747K-514M2-24', '128058638', NULL, NULL),
(598, 21, 21, '747K-514M2-24', '022395', NULL, NULL),
(599, 21, 21, '747K-514M2-24', '068642', NULL, NULL),
(600, 21, 21, '747K-514M2-24', '22370053', NULL, NULL),
(601, 21, 21, '747K-514M2-24', '128058022', NULL, NULL),
(602, 21, 21, '747F-514M2-24', '0031335L', NULL, NULL),
(603, 21, 21, '747F-514M2-24', '227468L', NULL, NULL),
(604, 21, 21, '747F-514M2-24', '4069327Y', NULL, NULL),
(605, 21, 21, '747F-514M2-24', '4074389', NULL, NULL),
(606, 21, 21, '747F-514M2-24', '4112504Y', NULL, NULL),
(607, 21, 21, '747F-514M2-24', '4014270Y', NULL, NULL),
(608, 21, 21, '747F-514M2-24', '\'036181H', NULL, NULL),
(609, 21, 21, '747F-514M2-24', '96171355', NULL, NULL),
(610, 21, 21, '747K-514M2-24', '23639822', NULL, NULL),
(611, 21, 21, '747K-514M2-24', '127028695', NULL, NULL),
(612, 21, 21, '747K-514M2-24', '127028730', NULL, NULL),
(613, 21, 21, '747K-514M2-24', '127028777', NULL, NULL),
(614, 21, 21, '747K-514M2-24', '12708840', NULL, NULL),
(615, 21, 21, '747K-514M2-24', '127028848', NULL, NULL),
(616, 21, 21, '747K-514M2-24', '128052018', NULL, NULL),
(617, 21, 21, '747K-514M2-24', '128057041', NULL, NULL),
(618, 21, 21, '747K-514M2-24', '128057878', NULL, NULL),
(619, 21, 21, '747K-514M2-24', '128057918', NULL, NULL),
(620, 21, 21, '747K-514M2-24', '128057949', NULL, NULL),
(621, 21, 21, '747K-514M2-24', '128057953', NULL, NULL),
(622, 21, 21, '747K-514M2-24', '128057980', NULL, NULL),
(623, 21, 21, '747K-514M2-24', '128057981', NULL, NULL),
(624, 21, 21, '747K-514M2-24', '11K021068', NULL, NULL),
(625, 21, 21, '747K-514M2-24', '5022222L', NULL, NULL),
(626, 21, 21, '747K-514M2-24/VT', '129022807', NULL, NULL),
(627, 21, 21, '747K-514M2-24/VT', '129023566', NULL, NULL),
(628, 21, 21, '747F-514M2-24', '0032330L', NULL, NULL),
(629, 21, 21, '747K-514M2-24/DKKU 1-0', '119K023380', NULL, NULL),
(630, 21, 21, '747K-514M2-24/DKKU 1-0', '119K023383', NULL, NULL),
(631, 21, 21, '747F-514M2-24', '2110607L', NULL, NULL),
(632, 21, 21, '747F-514M2-24', '233850N', NULL, NULL),
(633, 21, 21, '747K-514M2-24', '1012771', NULL, NULL),
(634, 21, 21, '747K-514M2-24', '252797', NULL, NULL),
(635, 21, 21, '747K-514M2-24', '10127122', NULL, NULL),
(636, 21, 21, '747F-514M2-24', '23034372', NULL, NULL),
(637, 21, 21, '747K-514M2-24', '128056642', NULL, NULL),
(638, 21, 21, '747K-514M2-24', '128058002', NULL, NULL),
(639, 21, 21, '747K-514M2-24', '128058016', NULL, NULL),
(640, 21, 21, '747K-514M2-24/DKKU 1-0', '119K023507', NULL, NULL),
(641, 21, 21, '747F-514M2-24', '0276114', NULL, NULL),
(642, 21, 21, '747K-514M2-24/VT', '430058', NULL, NULL),
(643, 21, 21, '747F-514M2-24', '1062584', NULL, NULL),
(644, 21, 21, '747F-514M2-24', '2042683', NULL, NULL),
(645, 21, 21, '747F-514M2-24', '2710990', NULL, NULL),
(646, 21, 21, '747F-514M2-24', '4012238H', NULL, NULL),
(647, 21, 21, '747F-514M2-24', '4050015Y', NULL, NULL),
(648, 21, 21, '747F-514M2-24', '5010978', NULL, NULL),
(649, 21, 21, '747F-514M2-24', '5060458', NULL, NULL),
(650, 21, 21, '747F-514M2-24', '10080922', NULL, NULL),
(651, 21, 21, '747F-514M2-24', '10093842', NULL, NULL),
(652, 21, 21, '747F-514M2-24', '10101882', NULL, NULL),
(653, 21, 21, '747F-514M2-24', '10105052', NULL, NULL),
(654, 21, 21, '747F-514M2-24', '1010631', NULL, NULL),
(655, 21, 21, '747F-514M2-24', '10106692', NULL, NULL),
(656, 21, 21, '747K-514M2-24', '10107152', NULL, NULL),
(657, 21, 21, '747F-514M2-24', '10107812', NULL, NULL),
(658, 21, 21, '747F-514M2-24', '10108662', NULL, NULL),
(659, 21, 21, '747F-514M2-24', '10109532', NULL, NULL),
(660, 21, 21, '747F-514M2-24', '10111682', NULL, NULL),
(661, 21, 21, '747F-514M2-24', '10111712', NULL, NULL),
(662, 21, 21, '747F-514M2-24', '10114932', NULL, NULL),
(663, 21, 21, '747F-514M2-24', '10116172', NULL, NULL),
(664, 21, 21, '747F-514M2-24', '10119782', NULL, NULL),
(665, 21, 21, '747F-514M2-24', '10126902', NULL, NULL),
(666, 21, 21, '747F-514M2-24', '10127412', NULL, NULL),
(667, 21, 21, '747F-514M2-24', '10127322', NULL, NULL),
(668, 21, 21, '747F-514M2-24', '10127602', NULL, NULL),
(669, 21, 21, '747F-514M2-24', '10129822', NULL, NULL),
(670, 21, 21, '747F-514M2-24', '10129922', NULL, NULL),
(671, 21, 21, '747F-514M2-24', '10137842', NULL, NULL),
(672, 21, 21, '747F-514M2-24', '10152332', NULL, NULL),
(673, 21, 21, '747F-514M2-24', '10152342', NULL, NULL),
(674, 21, 21, '747K-514M2-24/DKKU 1-0', '10152472', NULL, NULL),
(675, 21, 21, '747K-514M2-24', '23023263', NULL, NULL),
(676, 21, 21, '747K-514M2-24', '23024471', NULL, NULL),
(677, 21, 21, '747K-514M2-24', '23029362', NULL, NULL),
(678, 21, 21, '747F-514M2-24', '23032716', NULL, NULL),
(679, 21, 21, '747F-514M2-24', '23034246', NULL, NULL),
(680, 21, 21, '747K-514M2-24', '23036194', NULL, NULL),
(681, 21, 21, '747K-514M2-24', '23039527', NULL, NULL),
(682, 21, 21, '747K-514M2-24', '23039649', NULL, NULL),
(683, 21, 21, '747K-514M2-24', '23039661', NULL, NULL),
(684, 21, 21, '747K-514M2-24', '23039702', NULL, NULL),
(685, 21, 21, '747K-514M2-24', '23039778', NULL, NULL),
(686, 21, 21, '747F-514M2-24', '23039945', NULL, NULL),
(687, 21, 21, '747K-514M2-24', '23039951', NULL, NULL),
(688, 21, 21, '747K-514M2-24', '23039974', NULL, NULL),
(689, 21, 21, '747K-514M2-24', '23040060', NULL, NULL),
(690, 21, 21, '747F-514M2-24', '23040120', NULL, NULL),
(691, 21, 21, '747F-514M2-24', '23040239', NULL, NULL),
(692, 21, 21, '747F-514M2-24', '23040391', NULL, NULL),
(693, 21, 21, '747K-514M2-24', '23056042', NULL, NULL),
(694, 21, 21, '747F-514M2-24', '23056599', NULL, NULL),
(695, 21, 21, '747F-514M2-24', '23056859', NULL, NULL),
(696, 21, 21, '747F-514M2-24', '23056875', NULL, NULL),
(697, 21, 21, '747K-514M2-24', '23079456', NULL, NULL),
(698, 21, 21, '747F-514M2-24', '4056381', NULL, NULL),
(699, 21, 21, '747K-514M2-24', '127028793', NULL, NULL),
(700, 11, 21, 'C007KD', '120356474', NULL, NULL),
(701, 21, 21, '747K', '120031532', NULL, NULL),
(702, 21, 21, '747K-514M2-24', '127028803', NULL, NULL),
(703, 21, 21, '747K-514M2-24', '127028806', NULL, NULL),
(704, 21, 21, '747K-514M2-24', '127028855', NULL, NULL),
(705, 21, 21, '747K-514M2-24', '127028856', NULL, NULL),
(706, 21, 21, '747K-514M2-24', '127028866', NULL, NULL),
(707, 21, 21, '747K-514M2-24', '127028918', NULL, NULL),
(708, 21, 21, '747K-514M2-24', '127028919', NULL, NULL),
(709, 21, 21, '747K-514M2-24', '127029137', NULL, NULL),
(710, 21, 21, '747K-514M2-24', '127029236', NULL, NULL),
(711, 21, 21, '747K-514M2-24', '127029237', NULL, NULL),
(712, 21, 21, '747K-514M2-24', '128050824', NULL, NULL),
(713, 21, 21, '747K-514M2-24', '28050846', NULL, NULL),
(714, 21, 21, '747K-514M2-24', '128050846', NULL, NULL),
(715, 21, 21, '747K-514M2-24', '128050893', NULL, NULL),
(716, 21, 21, '747K-514M2-24', '128050993', NULL, NULL),
(717, 21, 21, '747K-514M2-24', '128052046', NULL, NULL),
(718, 21, 21, '747K-514M2-24', '128052269', NULL, NULL),
(719, 21, 21, '747K-514M2-24', '128055044', NULL, NULL),
(720, 21, 21, '747K-514M2-24', '128056441', NULL, NULL),
(721, 21, 21, '747K-514M2-24', '128056485', NULL, NULL),
(722, 21, 21, '747K-514M2-24', '128056497', NULL, NULL),
(723, 21, 21, '747K-514M2-24', '128056631', NULL, NULL),
(724, 21, 21, '747K-514M2-24', '128056169', NULL, NULL),
(725, 21, 21, '747K-514M2-24', '128056639', NULL, NULL),
(726, 21, 21, '747K-514M2-24', '128056640', NULL, NULL),
(727, 21, 21, '747K-514M2-24', '128057827', NULL, NULL),
(728, 21, 21, '747K-514M2-24', '128057880', NULL, NULL),
(729, 21, 21, '747K-514M2-24', '128057893', NULL, NULL),
(730, 21, 21, '747K-514M2-24', '128057896', NULL, NULL),
(731, 21, 21, '747K-514M2-24', '128057898', NULL, NULL),
(732, 21, 21, '747K-514M2-24', '128057899', NULL, NULL),
(733, 21, 21, '747K-514M2-24', '128057900', NULL, NULL),
(734, 21, 21, '747K-514M2-24', '128057901', NULL, NULL),
(735, 21, 21, '747K-514M2-24', '128057905', NULL, NULL),
(736, 21, 21, '747K-514M2-24', '128057909', NULL, NULL),
(737, 21, 21, '747K-514M2-24', '128057911', NULL, NULL),
(738, 21, 21, '747K-514M2-24', '128057912', NULL, NULL),
(739, 21, 21, '747K-514M2-24', '128057913', NULL, NULL),
(740, 21, 21, '747K-514M2-24', '128057916', NULL, NULL),
(741, 21, 21, '747K-514M2-24', '128057944', NULL, NULL),
(742, 21, 21, '747K-514M2-24', '128057947', NULL, NULL),
(743, 21, 21, '747K-514M2-24', '128057956', NULL, NULL),
(744, 21, 21, '747K-514M2-24', '128057957', NULL, NULL),
(745, 21, 21, '747K-514M2-24', '128057962', NULL, NULL),
(746, 21, 21, '747K-514M2-24', '128057963', NULL, NULL),
(747, 21, 21, '747K-514M2-24', '128057964', NULL, NULL),
(748, 21, 21, '747K-514M2-24', '128057967', NULL, NULL),
(749, 21, 21, '747K-514M2-24', '128057974', NULL, NULL),
(750, 21, 21, '747K-514M2-24', '128057975', NULL, NULL),
(751, 21, 21, '747K-514M2-24', '128057976', NULL, NULL),
(752, 21, 21, '747K-514M2-24', '128057977', NULL, NULL),
(753, 21, 21, '747K-514M2-24', '128057978', NULL, NULL),
(754, 21, 21, '747K-514M2-24', '128057984', NULL, NULL),
(755, 21, 21, '747K-514M2-24', '128057986', NULL, NULL),
(756, 21, 21, '747K-514M2-24', '128057992', NULL, NULL),
(757, 21, 21, '747K-514M2-24', '128057994', NULL, NULL),
(758, 21, 21, '747K-514M2-24', '128057995', NULL, NULL),
(759, 21, 21, '747K-514M2-24', '12805815', NULL, NULL),
(760, 21, 21, '747K-514M2-24', '128058000', NULL, NULL),
(761, 21, 21, '747K-514M2-24', '128058003', NULL, NULL),
(762, 21, 21, '747K-514M2-24', '128058004', NULL, NULL),
(763, 21, 21, '747K-514M2-24', '128058007', NULL, NULL),
(764, 21, 21, '747K-514M2-24', '128058008', NULL, NULL),
(765, 21, 21, '747K-514M2-24', '128058009', NULL, NULL),
(766, 21, 21, '747K-514M2-24', '128058019', NULL, NULL),
(767, 21, 21, '747K-514M2-24', '128058020', NULL, NULL),
(768, 21, 21, '747K-514M2-24', '128058021', NULL, NULL),
(769, 21, 21, '747K-514M2-24', '128058026', NULL, NULL),
(770, 21, 21, '747K-514M2-24', '128058027', NULL, NULL),
(771, 21, 21, '747K-514M2-24', '128058028', NULL, NULL),
(772, 21, 21, '747K-514M2-24', '128058029', NULL, NULL),
(773, 21, 21, '747K-514M2-24', '128058032', NULL, NULL),
(774, 21, 21, '747K-514M2-24', '128058036', NULL, NULL),
(775, 21, 21, '747K-514M2-24', '128058039', NULL, NULL),
(776, 21, 21, '747K-514M2-24', '128058040', NULL, NULL),
(777, 21, 21, '747K-514M2-24', '128058041', NULL, NULL),
(778, 21, 21, '747K-514M2-24', '128058043', NULL, NULL),
(779, 21, 21, '747K-514M2-24', '128058045', NULL, NULL),
(780, 21, 21, '747K-514M2-24', '128058046', NULL, NULL),
(781, 21, 21, '747K-514M2-24', '128058047', NULL, NULL),
(782, 21, 21, '747K-514M2-24', '128058048', NULL, NULL),
(783, 21, 21, '747K-514M2-24/VT', '129022844', NULL, NULL),
(784, 21, 21, '747K-514M2-24/VT', '129023031', NULL, NULL),
(785, 21, 21, '747K-514M2-24/VT', '129023033', NULL, NULL),
(786, 21, 21, '747K-514M2-24/VT', '129023036', NULL, NULL),
(787, 21, 21, '747K-514M2-24/VT', '129023046', NULL, NULL),
(788, 21, 21, '747K-514M2-24/VT', '129023048', NULL, NULL),
(789, 21, 21, '747K-514M2-24/VT', '129023136', NULL, NULL),
(790, 21, 21, '747K-514M2-24/VT/DKKU1-0', '129023144', NULL, NULL),
(791, 21, 21, '747K-514M2-24/VT', '129023146', NULL, NULL),
(792, 21, 21, '747K-514M2-24/VT', '129023147', NULL, NULL),
(793, 21, 21, '747K-514M2-24/VT', '129023149', NULL, NULL),
(794, 21, 21, '747K-514M2-24/VT', '129023150', NULL, NULL),
(795, 21, 21, '747K-514M2-24/VT', '128023033', NULL, NULL),
(796, 21, 21, '747K-514M2-24/VT', '128023275', NULL, NULL),
(797, 21, 21, '747K-514M2-24/VT', '129023425', NULL, NULL),
(798, 21, 21, '747K-514M2-24/VT', '129023426', NULL, NULL),
(799, 21, 21, '747K-514M2-24/VT', '129023429', NULL, NULL),
(800, 21, 21, '747K-514M2-24/VT/DKKU 1-0', '129023432', NULL, NULL),
(801, 21, 21, '747K-514M2-24/DKKU 1-0', '129023534', NULL, NULL),
(802, 21, 21, '747K-514M2-24/VT', '129023538', NULL, NULL),
(803, 21, 21, '747K-514M2-24/VT', '129023539', NULL, NULL),
(804, 21, 21, '747K-514M2-24/VT', '129023540', NULL, NULL),
(805, 21, 21, '747K-514M2-24/VT', '129023544', NULL, NULL),
(806, 21, 21, '747K-514M2-24/VT', '129023545', NULL, NULL),
(807, 21, 21, '747K-514M2-24/VT/DKKU 1-0', '129023546', NULL, NULL),
(808, 21, 21, '747K-514M2-24/VT', '129023547', NULL, NULL),
(809, 21, 21, '747K-514M2-24/VT', '129023548', NULL, NULL),
(810, 21, 21, '747F-514M2-24', '0032011', NULL, NULL),
(811, 21, 21, '747F-514M2-24', '0031137L', NULL, NULL),
(812, 21, 21, '747F-514M2-24', '0032396L', NULL, NULL),
(813, 21, 21, '747F-514M2-24', '0032748L', NULL, NULL),
(814, 21, 21, '747F-514M2-24', '0035606L', NULL, NULL),
(815, 21, 21, '747F-514M2-24', '0037564L', NULL, NULL),
(816, 21, 21, '747F-514M2-24', '0073451H', NULL, NULL),
(817, 21, 21, '747K-514M2-24/VT', '118K037535', NULL, NULL),
(818, 21, 21, '747K-514M2-24/VT', '118K037536', NULL, NULL),
(819, 21, 21, '747K-514M2-24/VT', '118K037538', NULL, NULL),
(820, 21, 21, '747K-514M2-24/VT', '118K037540', NULL, NULL),
(821, 21, 21, '747K-514M2-24/VT', '118K037547', NULL, NULL),
(822, 21, 21, '747K-514M2-24/VT', '118K037548', NULL, NULL),
(823, 21, 21, '747K-514M2-24/VT', '118K037551', NULL, NULL),
(824, 21, 21, '747K-514M2-24/VT', '118K037552', NULL, NULL),
(825, 21, 21, '747K-514M2-24/VT', '118K037553', NULL, NULL),
(826, 21, 21, '747K-514M2-24/VT', '118K037554', NULL, NULL),
(827, 21, 21, '747K-514M2-24/VT', '118K037555', NULL, NULL),
(828, 21, 21, '747K-514M2-24/VT', '118K037556', NULL, NULL),
(829, 21, 21, '747K-514M2-24/VT', '118K037558', NULL, NULL),
(830, 21, 21, '747K-514M2-24/VT', '118K037564', NULL, NULL),
(831, 21, 21, '747K-514M2-24/VT', '118K037565', NULL, NULL),
(832, 21, 21, '747K-514M2-24/VT', '118K037570', NULL, NULL),
(833, 21, 21, '747K-514M2-24/VT', '118K037567', NULL, NULL),
(834, 21, 21, '747K-514M2-24', '119K002430', NULL, NULL),
(835, 11, 21, 'S007KD', '119K003183', NULL, NULL),
(836, 21, 21, '747K-514M2-24/DKKU 1-0', '119K013632', NULL, NULL),
(837, 21, 21, '747K-514M2-24/DKKU 1-0', '119K013722', NULL, NULL),
(838, 21, 21, '747K-514M2-24/DKKU 1-0', '119K016607', NULL, NULL),
(839, 21, 21, '747K-514M2-24/DKKU 1-0', '119K016612', NULL, NULL),
(840, 21, 21, '747K-514M2-24/DKKU 1-0', '119K016613', NULL, NULL),
(841, 21, 21, '747K-514M2-24/DKKU 1-0', '119K016698', NULL, NULL),
(842, 21, 21, '747K-514M2-24/DKKU 1-0', '119K016820', NULL, NULL),
(843, 21, 21, '747K-514M2-24/DKKU 1-0', '119K016848', NULL, NULL),
(844, 21, 21, '747K-514M2-24/DKKU 1-0', '119K016863', NULL, NULL),
(845, 21, 21, '747K-514M2-24/DKKU 1-0', '119K016865', NULL, NULL),
(846, 21, 21, '747K-514M2-24/DKKU 1-0', '119K016874', NULL, NULL),
(847, 21, 21, '747K-514M2-24/DKKU 1-0', '119K016876', NULL, NULL),
(848, 21, 21, '747K-514M2-24/DKKHU 1-0', '119K019762', NULL, NULL),
(849, 21, 21, '747K-514M2-24/DKKU 1-0', '119K020687', NULL, NULL),
(850, 21, 21, '747K-514M2-24/DKKU 1-0', '119K020688', NULL, NULL),
(851, 21, 21, '747K-514M2-24/DKKU 1-0', '119K020689', NULL, NULL),
(852, 21, 21, '747K-514M2-24/DKKU 1-0', '119K020690', NULL, NULL),
(853, 21, 21, '747K-514M2-24/DKKU 1-0', '119K020744', NULL, NULL),
(854, 21, 21, '747K-514M2-24/DKKU1-0', '119K020760', NULL, NULL),
(855, 21, 21, '747K-514M2-24/DKKU1-0', '119K022249', NULL, NULL),
(856, 21, 21, '747K-514M2-24/DKKU1-0', '119K022254', NULL, NULL),
(857, 21, 21, '747K-514M2-24/DKKU 1-0', '119K022263', NULL, NULL),
(858, 21, 21, '747K-514M2-24/DKKU 1-0', '119K022269', NULL, NULL),
(859, 21, 21, '747K-514M2-24/DKKU 1-0', '119K022297', NULL, NULL),
(860, 21, 21, '747K-514M2-24/VT', '119K022314', NULL, NULL),
(861, 21, 21, '747K-514M2-24/DKKU 1-0', '119K022315', NULL, NULL),
(862, 21, 21, '747K-514M2-24/DKKU1-0', '119K022322', NULL, NULL),
(863, 21, 21, '747K-514M2-24/DKKU 1-0', '119K022328', NULL, NULL),
(864, 21, 21, '747K-514M2-24/DKKU 1-0', '119K022331', NULL, NULL),
(865, 21, 21, '747K-514M2-24/DKKU 1-0', '119K023344', NULL, NULL),
(866, 21, 21, '747K-514M2-24/DKKU 1-0', '119K023346', NULL, NULL),
(867, 21, 21, '747K-514M2-24/DKKU 1-0', '119K023351', NULL, NULL),
(868, 21, 21, '747K-514M2-24/DKKU 1-0', '119K023352', NULL, NULL),
(869, 21, 21, '747K-514M2-24/DKKU 1-0', '119K023353', NULL, NULL),
(870, 21, 21, '747K-514M2-24/DKKU 1-0', '119K023354', NULL, NULL),
(871, 21, 21, '747K-514M2-24/DKKU 1-0', '119K023355', NULL, NULL),
(872, 21, 21, '747K-514M2-24/DKKU 1-0', '119K023356', NULL, NULL),
(873, 21, 21, '747K-514M2-24/DKKU 1-0', '119K023357', NULL, NULL);
INSERT INTO `machines` (`id`, `machine_type_id`, `brand_id`, `model`, `serial_number`, `created_at`, `updated_at`) VALUES
(874, 21, 21, '747K-514M2-24/DKKU 1-0', '119K023369', NULL, NULL),
(875, 21, 21, '747K-514M2-24/DKKU 1-0', '119K023371', NULL, NULL),
(876, 21, 21, '747K-514M2-24/DKKU 1-0', '119K023372', NULL, NULL),
(877, 21, 21, '747K-514M2-24/DKKU 1-0', '119K023373', NULL, NULL),
(878, 21, 21, '747K-514M2-24/DKKU 1-0', '119K023374', NULL, NULL),
(879, 21, 21, '747K-514M2-24/DKKU 1-0', '119K023375', NULL, NULL),
(880, 21, 21, '747K-514M2-24/DKKU 1-0', '119K023378', NULL, NULL),
(881, 21, 21, '747K-514M2-24/DKKU 1-0', '119K023379', NULL, NULL),
(882, 21, 21, '747K-514M2-24/DKKU 1-0', '119K023381', NULL, NULL),
(883, 21, 21, '747K-514M2-24/DKKU 1-0', '119K023384', NULL, NULL),
(884, 21, 21, '747K-514M2-24/DKKU 1-0', '119K023385', NULL, NULL),
(885, 21, 21, '747K-514M2-24/DKKU 1-0', '119K023386', NULL, NULL),
(886, 21, 21, '747K-514M2-24/DKKU1-0', '119K023391', NULL, NULL),
(887, 21, 21, '747K-514M2-24/DKKU 1-0', '119K023392', NULL, NULL),
(888, 21, 21, '747K-514M2-24/DKKU 1-0', '119K023394', NULL, NULL),
(889, 21, 21, '747K-514M2-24/DKKU 1-0', '119K023397', NULL, NULL),
(890, 21, 21, '747K-514M2-24/DKKU 1-0', '119K023398', NULL, NULL),
(891, 21, 21, '747K-514M2-24/DKKU 1-0', '119K023399', NULL, NULL),
(892, 21, 21, '747K-514M2-24/DKKU 1-0', '119K023404', NULL, NULL),
(893, 21, 21, '747K-514M2-24/DKKU 1-0', '119K023418', NULL, NULL),
(894, 21, 21, '747K-514M2-24/DKKU 1-0', '119K023422', NULL, NULL),
(895, 21, 21, '747K-514M2-24/DKKU 1-0', '119K023440', NULL, NULL),
(896, 21, 21, '747K-514M2-24/DKKU 1-0', '119K023449', NULL, NULL),
(897, 21, 21, '747K-514M2-24/DKKU 1-0', '119K023452', NULL, NULL),
(898, 21, 21, '747K-514M2-24/DKKU 1-0', '119K023506', NULL, NULL),
(899, 21, 21, '747K-514M2-24/DKKU 1-0', '119K023512', NULL, NULL),
(900, 21, 21, '747K-514M2-24/DKKU 1-0', '119K023513', NULL, NULL),
(901, 21, 21, '747K-514M2-24/DKKU 1-0', '119K023515', NULL, NULL),
(902, 21, 21, '747K-514M2-24/DKKU 1-0', '119K023525', NULL, NULL),
(903, 21, 21, '747K-514M2-24/DKKU 1-0', '119K023529', NULL, NULL),
(904, 21, 21, '747K-514M2-24/DKKU 1-0', '119K023531', NULL, NULL),
(905, 21, 21, '747K-514M2-24/DKKU 1-0', '119K023532', NULL, NULL),
(906, 21, 21, '747K-514M2-24/DKKU 1-0', '119K023533', NULL, NULL),
(907, 21, 21, '747K-514M2-24/DKKU 1-0', '119K023538', NULL, NULL),
(908, 21, 21, '747K-514M2-24/DKKU 1-0', '119K023541', NULL, NULL),
(909, 21, 21, '747K-514M2-24/DKKU 1-0', '119K023542', NULL, NULL),
(910, 21, 21, '747K-514M2-24/DKKU 1-0', '119K023543', NULL, NULL),
(911, 21, 21, '747K-514M2-24/DKKU1-0', '119K023546', NULL, NULL),
(912, 21, 21, '747K-514M2-24/DKKU 1-0', '119K023555', NULL, NULL),
(913, 21, 21, '747K-514M2-24/DKKU 1-0', '119K023556', NULL, NULL),
(914, 21, 21, '747K-514M2-24/DKKU 1-0', '119K023557', NULL, NULL),
(915, 21, 21, '747K-514M2-24/DKKU 1-0', '119K023558', NULL, NULL),
(916, 21, 21, '747K-514M2-24/DKKU 1-0', '119K023562', NULL, NULL),
(917, 21, 21, '747K-514M2-24/DKKU 1-0', '119K023568', NULL, NULL),
(918, 21, 21, '747K-514M2-24/DKKU 1-0', '119K025370', NULL, NULL),
(919, 21, 21, '747K-514M2-24/DKKU 1-0', '119K023573', NULL, NULL),
(920, 21, 21, '747K-514M2-24/DKKU 1-0', '119K023571', NULL, NULL),
(921, 21, 21, '747F-514M2-24', '2098417H', NULL, NULL),
(922, 21, 21, '747F-514M2-24', '2107942H', NULL, NULL),
(923, 21, 21, '747F-514M2-24', '224153L', NULL, NULL),
(924, 21, 21, '747F-514M2-24', '0067243Y', NULL, NULL),
(925, 21, 21, '747F-514M2-24', '224708Y', NULL, NULL),
(926, 21, 21, '747F-514M2-24', '225106N', NULL, NULL),
(927, 21, 21, '747F-514M2-24', '226086L', NULL, NULL),
(928, 21, 21, '747F-514M2-24', '227754H', NULL, NULL),
(929, 21, 21, '747F-514M2-24', '231264H', NULL, NULL),
(930, 21, 21, '747F-514M2-24', '231984L', NULL, NULL),
(931, 21, 21, '747F-514M2-24', '232797S', NULL, NULL),
(932, 21, 21, '747F-514M2-24', '3000990Y', NULL, NULL),
(933, 21, 21, '747F-514M2-24', '3060290H', NULL, NULL),
(934, 21, 21, '747F-514M2-24', '4012388S', NULL, NULL),
(935, 21, 21, '747F-514M2-24', '4012693H', NULL, NULL),
(936, 21, 21, '747F-514M2-24', '4013186H', NULL, NULL),
(937, 21, 21, '747F-514M2-24', '4013504Y', NULL, NULL),
(938, 21, 21, '747F-514M2-24', '4013853H', NULL, NULL),
(939, 21, 21, '747F-514M2-24', '4015397H', NULL, NULL),
(940, 21, 21, '747F-514M2-24', '4015404H', NULL, NULL),
(941, 21, 21, '747F-514M2-24', '4016938', NULL, NULL),
(942, 21, 21, '747F-514M2-24', '4018619', NULL, NULL),
(943, 21, 21, '747F-514M2-24', '401987', NULL, NULL),
(944, 21, 21, '747F-514M2-24', '4019182H', NULL, NULL),
(945, 21, 21, '747F-514M2-24', '4019040S', NULL, NULL),
(946, 21, 21, '747F-514M2-24', '493183', NULL, NULL),
(947, 21, 21, '747F-514M2-24', '4031830H', NULL, NULL),
(948, 21, 21, '747F-514M2-24', '4031900H', NULL, NULL),
(949, 21, 21, '747F-514M2-24', '4033895N', NULL, NULL),
(950, 21, 21, '747F-514M2-24', '4034707', NULL, NULL),
(951, 21, 21, '747F-514M2-24', '40537250', NULL, NULL),
(952, 21, 21, '747F-514M2-24', '4053801H', NULL, NULL),
(953, 21, 21, '747F-514M2-24', '4058076Y', NULL, NULL),
(954, 21, 21, '747F-514M2-24', '4063451N', NULL, NULL),
(955, 21, 21, '747F-514M2-24', '4064522H', NULL, NULL),
(956, 21, 21, '747F-514M2-24', '4066586L', NULL, NULL),
(957, 21, 21, '747K-514M2-24', '4103532', NULL, NULL),
(958, 21, 21, '747K-514M2-24', '4103533Y', NULL, NULL),
(959, 21, 21, '747F-514M2-24', '4110895H', NULL, NULL),
(960, 21, 21, '747K-514M2-24', '475506', NULL, NULL),
(961, 21, 21, '747F-514M2-24', '5053102Y', NULL, NULL),
(962, 21, 21, '747F-514M2-24', '487378UF', NULL, NULL),
(963, 21, 21, '747F-514M2-24', '509428UF', NULL, NULL),
(964, 21, 21, '747F-514M2-24', '8066226H', NULL, NULL),
(965, 21, 17, 'EX5214-M53', '9136843', NULL, NULL),
(966, 21, 21, '747F-514M2-24', '8065546C', NULL, NULL),
(967, 21, 21, '747F-514M2-24', '425031', NULL, NULL),
(968, 21, 21, '747F-514M2-24', '429360', NULL, NULL),
(969, 21, 21, '747F-514M2-24', 'F516204', NULL, NULL),
(970, 21, 21, '747F-514M2-24', '579025', NULL, NULL),
(971, 21, 21, '747F-514M2-24', '2194911', NULL, NULL),
(972, 21, 21, '747F-514M2-24', '4035844', NULL, NULL),
(973, 21, 21, '747F-514M2-24', '4052282', NULL, NULL),
(974, 21, 21, '747F-514M2-24', '406091', NULL, NULL),
(975, 21, 21, '747F-514M2-24', '4064976', NULL, NULL),
(976, 21, 21, '747F-514M2-24', '10152172', NULL, NULL),
(977, 21, 21, '747F-514M2-24', '4064913N', NULL, NULL),
(978, 21, 21, '747F-514M2-24', '4100628L', NULL, NULL),
(979, 21, 21, '747F-514M2-24', '234812', NULL, NULL),
(980, 21, 21, '747K-514M2-24/VT/DKKU1-0', '118K037543', NULL, NULL),
(981, 21, 21, '747E-514M2-24', '2101417H', NULL, NULL),
(982, 21, 21, '747F-514M2-24', '225724N', NULL, NULL),
(983, 21, 21, '747F-514M2-24', '5035760L', NULL, NULL),
(984, 21, 21, '747F-514M2-24', '525802', NULL, NULL),
(985, 21, 21, '747F-514M2-24', 'D030496L', NULL, NULL),
(986, 22, 21, '747KST-514M-3-24/VT', '0210', NULL, NULL),
(987, 22, 21, '747KST-514M-3-24/VT', '128637951', NULL, NULL),
(988, 22, 21, '747KST-514M-3-24/VT', '22970072', NULL, NULL),
(989, 22, 21, '747KST-514M-3-24/VT', '229700513', NULL, NULL),
(990, 22, 21, '747KST-514M-3-24/VT', '229700541', NULL, NULL),
(991, 22, 21, '747KST-514M-3-24/VT', '229700544', NULL, NULL),
(992, 22, 21, '747KST-514M-3-24/VT', '229700543', NULL, NULL),
(993, 22, 21, '747KST-514M-3-24/VT', '229700546', NULL, NULL),
(994, 22, 21, '747KST-514M-3-24/VT', '229700559', NULL, NULL),
(995, 22, 21, '747KST-514M-3-24/VT', '229700561', NULL, NULL),
(996, 22, 21, '747KST-514M-3-24/VT', '229700562', NULL, NULL),
(997, 22, 21, '747KST-514M-3-24/VT', '229700570', NULL, NULL),
(998, 22, 21, '747KST-514M-3-24/VT', '218K006038', NULL, NULL),
(999, 22, 21, '747KST-514M-3-24/VT', '218K008570', NULL, NULL),
(1000, 22, 21, '747KST-514M-3-24/VT', '218K008615', NULL, NULL),
(1001, 22, 21, '747KST-514M-3-24/VT', '218K008617', NULL, NULL),
(1002, 22, 21, '747KST-514M-3-24/VT', '218K008648', NULL, NULL),
(1003, 22, 21, '747KST-514M-3-24/VT', '219K000166', NULL, NULL),
(1004, 22, 21, '747KST-514M-3-24/VT', '219K000320', NULL, NULL),
(1005, 22, 21, '747KST-514M-3-24/VT', '219K000340', NULL, NULL),
(1006, 22, 21, '747KST-514M-3-24/VT', '219K000464', NULL, NULL),
(1007, 22, 21, '747KST-514M-3-24/VT', '219K000475', NULL, NULL),
(1008, 22, 21, '747KST-514M-3-24/VT', '219K000503', NULL, NULL),
(1009, 22, 21, '747KST-514M-3-24/VT', '219K000510', NULL, NULL),
(1010, 22, 21, '747KST-514M-3-24/VT', '219K000522', NULL, NULL),
(1011, 22, 21, '747KST-514M-3-24/VT', '219K000540', NULL, NULL),
(1012, 22, 21, '747KST-514M-3-24/VT', '219K000547', NULL, NULL),
(1013, 22, 21, '747KST-514M-3-24/VT', '219K000568', NULL, NULL),
(1014, 23, 21, '757F-516M2-35', '220798655', NULL, NULL),
(1015, 23, 21, '757F-516M2-35', '2399845', NULL, NULL),
(1016, 23, 21, '757F-516M2-35', '2003411L', NULL, NULL),
(1017, 23, 21, '757F-516M2-35', '2030344H', NULL, NULL),
(1018, 23, 21, '757F-516M2-35', '2030733H', NULL, NULL),
(1019, 23, 21, '757E-514M2-24', '581117S', NULL, NULL),
(1020, 23, 21, '757F-516M2-35', '4052372', NULL, NULL),
(1021, 23, 21, '757F-516M2-35', '2012944N', NULL, NULL),
(1022, 23, 21, '757F-516M2-35', '2030707H', NULL, NULL),
(1023, 23, 21, '757F-516M2-35', '1011651', NULL, NULL),
(1024, 23, 21, '757F-516M2-35', '2005635', NULL, NULL),
(1025, 24, 21, 'FT-747-514', '3090052', NULL, NULL),
(1026, 24, 21, 'FT-747-514', '3030948L', NULL, NULL),
(1027, 24, 21, 'FT-747-514', '3030923L', NULL, NULL),
(1028, 24, 21, 'DFT-514M2-24', '3031061L', NULL, NULL),
(1029, 24, 21, '747DFT-514M2-14/GB', 'K210018718', NULL, NULL),
(1030, 24, 21, '747DFT-514M2-14/GB', 'K210018746', NULL, NULL),
(1031, 24, 21, '747DFT-514M2-14/GB', 'K210019842', NULL, NULL),
(1032, 24, 21, '747DFT-514M2-14/GB', 'K210018779', NULL, NULL),
(1033, 24, 21, '747DFT-514M2-14/GB', 'K210019811', NULL, NULL),
(1034, 25, 21, 'Z008', '2187703', NULL, NULL),
(1035, 25, 21, 'Z008', '2216225', NULL, NULL),
(1036, 25, 21, 'Z008', '206330', NULL, NULL),
(1037, 25, 21, 'Z008', '0225014ZN', NULL, NULL),
(1038, 25, 21, 'Z008', '2207285ZM', NULL, NULL),
(1039, 25, 21, 'Z008', '2216222', NULL, NULL),
(1040, 25, 21, 'Z008', '2216236', NULL, NULL),
(1041, 25, 10, 'DPW-1302-W', 'KS711215', NULL, NULL),
(1042, 25, 10, 'DPW-1302-W', 'KS8158551', NULL, NULL),
(1043, 25, 21, 'Z008', '2207262ZM', NULL, NULL),
(1044, 25, 21, 'Z008', '2216229', NULL, NULL),
(1045, 25, 10, 'DPW-1302-W', '0209194', NULL, NULL),
(1046, 25, 10, 'DPW-1302-W', '820066', NULL, NULL),
(1047, 25, 21, 'Z008', '2187730Z', NULL, NULL),
(1048, 25, 21, 'Z008', '2207236', NULL, NULL),
(1049, 25, 21, 'Z008', '2207240', NULL, NULL),
(1050, 25, 21, 'Z008', '2216245', NULL, NULL),
(1051, 25, 21, 'Z008', '2216250ZM', NULL, NULL),
(1052, 25, 21, 'Z008', '4005053', NULL, NULL),
(1053, 27, 15, 'KU54-2B-TC', '150417', NULL, NULL),
(1054, 27, 15, 'KU54-2B-TC', '130601', NULL, NULL),
(1055, 27, 15, 'KU54-2B-TC', '140339', NULL, NULL),
(1056, 27, 15, 'KU54-2B-TC', '140340', NULL, NULL),
(1057, 27, 15, 'KU54-2B-TC', '140341', NULL, NULL),
(1058, 27, 15, 'KU54-2B-TC', '40342', NULL, NULL),
(1059, 27, 15, 'KU54-2B-TC', '140343', NULL, NULL),
(1060, 27, 15, 'KU54-2B-TC', '140344', NULL, NULL),
(1061, 27, 15, 'KU54-2B-TC', '140345', NULL, NULL),
(1062, 27, 15, 'KU54-2B-TC', '140346', NULL, NULL),
(1063, 27, 15, 'KU54-2B-TC', '140347', NULL, NULL),
(1064, 27, 15, 'KU54-2B-TC', '140348', NULL, NULL),
(1065, 27, 15, 'KU54-2B-TC', '150361', NULL, NULL),
(1066, 27, 15, 'KU54-2B-TC', '140536', NULL, NULL),
(1067, 27, 15, 'KU54-2B-TC', '141010', NULL, NULL),
(1068, 27, 15, 'KU54-2B-TC', '150416', NULL, NULL),
(1069, 27, 15, 'KU54-2B-TC', '150621', NULL, NULL),
(1070, 27, 15, 'KU54-2B-TC', '150627', NULL, NULL),
(1071, 27, 15, 'KU54-2B-TC', '150628', NULL, NULL),
(1072, 27, 15, 'KU54-2B-TC', '150631', NULL, NULL),
(1073, 27, 15, 'KU54-2B-TC', '150633', NULL, NULL),
(1074, 27, 15, 'KU54-2B-TC', '17060', NULL, NULL),
(1075, 27, 15, 'KU54-2B-TC', '170420', NULL, NULL),
(1076, 27, 15, 'KU54-2B-TC', '170421', NULL, NULL),
(1077, 27, 15, 'KU54-2B-TC', '170424', NULL, NULL),
(1078, 27, 15, 'KU54-2B-TC', '170425', NULL, NULL),
(1079, 27, 15, 'KU54-2B-TC', '175425', NULL, NULL),
(1080, 27, 15, 'KU54-2B-TC', '170426', NULL, NULL),
(1081, 27, 15, 'KU-PA-4060', '190605', NULL, NULL),
(1082, 27, 15, 'KU-PA-4060', '190606', NULL, NULL),
(1083, 29, 10, 'W-8103-15', '206108A', NULL, NULL),
(1084, 29, 10, 'W-8103-15', 'KS126977A', NULL, NULL),
(1085, 30, 8, 'DLM-5200N', 'DDLMDO43810', NULL, NULL),
(1086, 30, 8, 'DLM-5200N', 'DLMBB43232', NULL, NULL),
(1087, 30, 8, 'DLM-5200N', ' DLMBD35887', NULL, NULL),
(1088, 30, 8, 'DLM-5200N', 'DLMBB43235', NULL, NULL),
(1089, 31, 2, 'S-7200A-433', 'SN0001', NULL, NULL),
(1090, 31, 2, 'S-7200A-433', '31905', NULL, NULL),
(1091, 31, 8, 'DDL8500-7', '50190', NULL, NULL),
(1092, 31, 24, 'KM250A7S', '50905472', NULL, NULL),
(1093, 31, 2, 'S-7200A-433', 'K5Z02566', NULL, NULL),
(1094, 31, 8, 'DDL-8500-7', '4DORM04767', NULL, NULL),
(1095, 31, 2, 'S-7200A-433', 'B5Z31855', NULL, NULL),
(1096, 31, 2, 'S-7200A-433', 'B5Z31895', NULL, NULL),
(1097, 31, 2, 'S-7200A-433', 'B5Z31903', NULL, NULL),
(1098, 31, 2, 'S-7200A-433', 'B5Z31904', NULL, NULL),
(1099, 31, 2, 'S-7200A-433', 'B5Z31915', NULL, NULL),
(1100, 31, 2, 'S-7200A-433', 'B5Z31922', NULL, NULL),
(1101, 31, 2, 'S-7200A-433', 'B5Z31924', NULL, NULL),
(1102, 31, 2, 'S-7200A-433', 'B5Z31928', NULL, NULL),
(1103, 31, 2, 'S-7200A-433', 'B5Z31980', NULL, NULL),
(1104, 31, 2, 'S-7200A-433', 'B5Z31986', NULL, NULL),
(1105, 31, 2, 'S-7200A-433', 'B5Z31990', NULL, NULL),
(1106, 31, 2, 'S-7200A-433', 'B5Z31995', NULL, NULL),
(1107, 31, 2, 'S-7200A-433', 'B5Z32010', NULL, NULL),
(1108, 31, 2, 'S-7200A-433', 'B5Z32044', NULL, NULL),
(1109, 31, 2, 'S-7200A-433', 'K5Z02546', NULL, NULL),
(1110, 31, 2, 'S-7200A-433', 'K5Z02571', NULL, NULL),
(1111, 31, 2, 'S-7200A-433', 'K5Z02574', NULL, NULL),
(1112, 31, 2, 'S-7200A-433', 'K5Z02578', NULL, NULL),
(1113, 31, 2, 'S-7200A-433', 'K5Z02605', NULL, NULL),
(1114, 31, 2, 'S-7200A-433', 'K5Z02608', NULL, NULL),
(1115, 31, 2, 'S-7200A-433', 'K5Z02613', NULL, NULL),
(1116, 31, 2, 'S-7200A-433', 'K5Z02643', NULL, NULL),
(1117, 31, 2, 'S-7200A-433', 'K5Z02650', NULL, NULL),
(1118, 31, 2, 'S-7200A-433', 'K5Z02657', NULL, NULL),
(1119, 31, 2, 'S-7200A-433', 'K5Z02696', NULL, NULL),
(1120, 31, 2, 'S-7200A-433', 'K5Z02705', NULL, NULL),
(1121, 31, 2, 'S-7200A-433', 'K5Z02707', NULL, NULL),
(1122, 31, 2, 'S-7200A-433', 'L5Z12797', NULL, NULL),
(1123, 31, 2, 'S-7200A-433', 'L5Z12827', NULL, NULL),
(1124, 31, 8, 'DDL-900AS-WBK', '4D0JG18185', NULL, NULL),
(1125, 31, 8, 'DDL-900AS-WBK', '4D0KJ10339', NULL, NULL),
(1126, 31, 8, 'DDL-900AS-WBK', '4D0KH10424', NULL, NULL),
(1127, 31, 8, 'DDL-900AS-WBK', '4D0KH13377', NULL, NULL),
(1128, 31, 8, 'DDL-900AS-WBK', '4D0KJ13393', NULL, NULL),
(1129, 31, 8, 'DDL-900AS-WBK', '4D0KH13405', NULL, NULL),
(1130, 31, 8, 'DDL-900AS-WBK', '4D0KJ13434', NULL, NULL),
(1131, 31, 8, 'DDL-900AS-WBK', '4D0KJ13480', NULL, NULL),
(1132, 31, 8, 'DDL-900AS-WBK', '4D0KH13520', NULL, NULL),
(1133, 31, 8, 'DDL-900AS-WBK', '4D0KH13552', NULL, NULL),
(1134, 31, 8, 'DDL-900AS-WBK', '4D0KJ03111', NULL, NULL),
(1135, 31, 8, 'DDL-900AS-WBK', '4D0KJ03470', NULL, NULL),
(1136, 31, 8, 'DDL-900AS-WBK', '4D0KJ03543', NULL, NULL),
(1137, 31, 8, 'DDL-900AS-WBK', '4D0KJ03647', NULL, NULL),
(1138, 31, 8, 'DDL-900AS-WBK', '4D0KJ03686', NULL, NULL),
(1139, 31, 8, 'DDL-900AS-WBK', '4D0KJ03923', NULL, NULL),
(1140, 31, 8, 'DDL-900AS-WBK', '4D0KJ04031', NULL, NULL),
(1141, 31, 8, 'DDL-900AS-WBK', '4D0KJ04167', NULL, NULL),
(1142, 31, 8, 'DDL-900AS-WBK', '4D0KJ04205', NULL, NULL),
(1143, 31, 8, 'DDL-900AS-WBK', '4D0KJ04223', NULL, NULL),
(1144, 31, 8, 'DDL-900AS-WBK', '4D0KJ04269', NULL, NULL),
(1145, 31, 8, 'DDL-900AS-WBK', '4D0KJ04339', NULL, NULL),
(1146, 31, 8, 'DDL-900AS-WBK', '4D0KJ04340', NULL, NULL),
(1147, 31, 8, 'DDL-8000ASMSNBK', 'PDAPA00235', NULL, NULL),
(1148, 31, 8, 'DDL-8000ASMSNBK', 'PDAPA00240', NULL, NULL),
(1149, 31, 8, 'DDL-8000ASMSNBK', 'PDAPA00304', NULL, NULL),
(1150, 31, 8, 'DDL-8000ASMSNBK', 'PDAPA00436', NULL, NULL),
(1151, 31, 8, 'DDL-8000ASMSNBK', 'PDAPA00448', NULL, NULL),
(1152, 31, 8, 'DDL-8000ASMSNBK', 'PDAPA02459', NULL, NULL),
(1153, 31, 8, 'DDL-8000ASMSNBK', 'PDAPA02544', NULL, NULL),
(1154, 31, 2, 'S-7300A-403P', 'H7Z11691', NULL, NULL),
(1155, 31, 8, 'DDL-8000ASMSNBK', 'PDAPA00431', NULL, NULL),
(1156, 31, 2, 'S-7200A-433', 'B5Z31994', NULL, NULL),
(1157, 31, 8, 'DDL-900AS-WBK', '4D0JG10662', NULL, NULL),
(1158, 31, 8, 'DDL-900AS-WBK', '4D0JG10712', NULL, NULL),
(1159, 31, 8, 'DDL-900AS-WBK', '4D0JG10718', NULL, NULL),
(1160, 31, 8, 'DDL-900AS-WBK', '4D0JG10738', NULL, NULL),
(1161, 31, 8, 'DDL-900AS-WBK', '4D0JG10817', NULL, NULL),
(1162, 31, 8, 'DDL-900AS-WBK', '4D0J010611', NULL, NULL),
(1163, 31, 8, 'DDL-900AS-WBK', '4D0JG10822', NULL, NULL),
(1164, 31, 8, 'DDL-900AS-WBK', '4D0JG18078', NULL, NULL),
(1165, 31, 8, 'DDL-900AS-WBK', '4D0JG18182', NULL, NULL),
(1166, 31, 8, 'DDL-900AS-WBK', '4D0JG18188', NULL, NULL),
(1167, 31, 8, 'DDL-900AS-WBK', '10707', NULL, NULL),
(1168, 31, 8, 'DDL-900AS-WBK', '04318', NULL, NULL),
(1169, 31, 8, 'DDL-900AS-WBK', '03136', NULL, NULL),
(1170, 31, 8, 'DDL-900AS-WBK', '103921', NULL, NULL),
(1171, 31, 8, 'DDL-900AS-WBK', '00283', NULL, NULL),
(1172, 31, 8, 'DDL-900AS-WBK', '4D0JKH13375', NULL, NULL),
(1173, 31, 8, 'DDL-900AS-WBK', '4D0KA03210', NULL, NULL),
(1174, 31, 8, 'DDL-900AS-WBK', '4D0KA03214', NULL, NULL),
(1175, 31, 8, 'DDL-900AS-WBK', '4D0KG07314', NULL, NULL),
(1176, 31, 8, 'DDL-900AS-WBK', '4D0KJ07639', NULL, NULL),
(1177, 31, 8, 'DDL-900AS-WBK', '4D0KG07642', NULL, NULL),
(1178, 31, 8, 'DDL-900AS-WBK', '4D0KG07694', NULL, NULL),
(1179, 31, 8, 'DDL-900AS-WBK', '4D0KG07645', NULL, NULL),
(1180, 31, 8, 'DDL-900AS-WBK', '4D0KG07691', NULL, NULL),
(1181, 31, 8, 'DDL-900AS-WBK', '4D0KG13498', NULL, NULL),
(1182, 31, 8, 'DDL-900AS-WBK', '4D0KH10282', NULL, NULL),
(1183, 31, 8, 'DDL-900AS-WBK', '4D0KH10331', NULL, NULL),
(1184, 31, 8, 'DDL-900AS-WBK', '4D0KH10334', NULL, NULL),
(1185, 31, 8, 'DDL-900AS-WBK', '4D0KH10340', NULL, NULL),
(1186, 31, 8, 'DDL-900AS-WBK', '4D0KH10344', NULL, NULL),
(1187, 31, 8, 'DDL-900AS-WBK', '4D0KH10345', NULL, NULL),
(1188, 31, 8, 'DDL-900AS-WBK', '4D0KH10430', NULL, NULL),
(1189, 31, 8, 'DDL-900AS-WBK', '4D0KH13373', NULL, NULL),
(1190, 31, 8, 'DDL-900AS-WBK', '4D0KH13380', NULL, NULL),
(1191, 31, 8, 'DDL-900AS-WBK', '4D0KH13383', NULL, NULL),
(1192, 31, 8, 'DDL-900AS-WBK', '4D0KH13387', NULL, NULL),
(1193, 31, 8, 'DDL-900AS-WBK', '4D0KH13389', NULL, NULL),
(1194, 31, 8, 'DDL-900AS-WBK', '4D0KH13391', NULL, NULL),
(1195, 31, 8, 'DDL-900AS-WBK', '4D0KH13396', NULL, NULL),
(1196, 31, 8, 'DDL-900AS-WBK', '4D0KH13374', NULL, NULL),
(1197, 31, 8, 'DDL-900AS-WBK', '4D0KH13378', NULL, NULL),
(1198, 31, 8, 'DDL-900AS-WBK', '4D0KH13397', NULL, NULL),
(1199, 31, 8, 'DDL-900AS-WBK', '4D0KH13410', NULL, NULL),
(1200, 31, 8, 'DDL-900AS-WBK', '4D0KH13411', NULL, NULL),
(1201, 31, 8, 'DDL-900AS-WBK', '4D0KH13447', NULL, NULL),
(1202, 31, 8, 'DDL-900AS-WBK', '4D0KH13497', NULL, NULL),
(1203, 31, 8, 'DDL-900AS-WBK', '4D0KH13499', NULL, NULL),
(1204, 31, 8, 'DDL-900AS-WBK', '4D0KH13500', NULL, NULL),
(1205, 31, 8, 'DDL-900AS-WBK', '4D0KH13502', NULL, NULL),
(1206, 31, 8, 'DDL-900AS-WBK', '4D0KH13510', NULL, NULL),
(1207, 31, 8, 'DDL-900AS-WBK', '4D0KH13514', NULL, NULL),
(1208, 31, 8, 'DDL-900AS-WBK', '4D0KH13515', NULL, NULL),
(1209, 31, 8, 'DDL-900AS-WBK', '4D0KH13516', NULL, NULL),
(1210, 31, 8, 'DDL-900AS-WBK', '4D0KH13517', NULL, NULL),
(1211, 31, 8, 'DDL-900AS-WBK', '4D0KH13518', NULL, NULL),
(1212, 31, 8, 'DDL-900AS-WBK', '4D0KH13521', NULL, NULL),
(1213, 31, 8, 'DDL-900AS-WBK', '4D0KH13523', NULL, NULL),
(1214, 31, 8, 'DDL-900AS-WBK', '4D0KH13524', NULL, NULL),
(1215, 31, 8, 'DDL-900AS-WBK', '4D0KH13525', NULL, NULL),
(1216, 31, 8, 'DDL-900AS-WBK', '4D0KH13526', NULL, NULL),
(1217, 31, 8, 'DDL-900AS-WBK', '4D0KH13527', NULL, NULL),
(1218, 31, 8, 'DDL-900AS-WBK', '4D0KH13528', NULL, NULL),
(1219, 31, 8, 'DDL-900AS-WBK', '4D0KH13532', NULL, NULL),
(1220, 31, 8, 'DDL-900AS-WBK', '4D0KH13536', NULL, NULL),
(1221, 31, 8, 'DDL-900AS-WBK', '4D0KH13537', NULL, NULL),
(1222, 31, 8, 'DDL-900AS-WBK', '4D0KH13538', NULL, NULL),
(1223, 31, 8, 'DDL-900AS-WBK', '4D0KH13540', NULL, NULL),
(1224, 31, 8, 'DDL-900AS-WBK', '4D0KH13541', NULL, NULL),
(1225, 31, 8, 'DDL-900AS-WBK', '4D0KH13542', NULL, NULL),
(1226, 31, 8, 'DDL-900AS-WBK', '4D0KH13544', NULL, NULL),
(1227, 31, 8, 'DDL-900AS-WBK', '4D0KH13551', NULL, NULL),
(1228, 31, 8, 'DDL-900AS-WBK', '4D0KH13553', NULL, NULL),
(1229, 31, 8, 'DDL-900AS-WBK', '4D0KH13559', NULL, NULL),
(1230, 31, 8, 'DDL-900AS-WBK', '4D0KH13560', NULL, NULL),
(1231, 31, 8, 'DDL-900AS-WBK', '4D0KH13565', NULL, NULL),
(1232, 31, 8, 'DDL-900AS-WBK', '4D0KH13566', NULL, NULL),
(1233, 31, 8, 'DDL-900AS-WBK', '4D0KH13583', NULL, NULL),
(1234, 31, 8, 'DDL-900AS-WBK', '4D0KJ03102', NULL, NULL),
(1235, 31, 8, 'DDL-900AS-WBK', '4D0KJ03103', NULL, NULL),
(1236, 31, 8, 'DDL-900AS-WBK', '4D0KJ03107', NULL, NULL),
(1237, 31, 8, 'DDL-900AS-WBK', '4D0KJ03109', NULL, NULL),
(1238, 31, 8, 'DDL-900AS-WBK', '4D0KJ03129', NULL, NULL),
(1239, 31, 8, 'DDL-900AS-WBK', '4D0KJ03224', NULL, NULL),
(1240, 31, 8, 'DDL-900AS-WBK', '4D0KJ03225', NULL, NULL),
(1241, 31, 8, 'DDL-900AS-WBK', '4D0KJ03477', NULL, NULL),
(1242, 31, 8, 'DDL-900AS-WBK', '4D0KJ03492', NULL, NULL),
(1243, 31, 8, 'DDL-900AS-WBK', '4D0KJ03539', NULL, NULL),
(1244, 31, 8, 'DDL-900AS-WBK', '4D0KJ03544', NULL, NULL),
(1245, 31, 8, 'DDL-900AS-WBK', '4D0KJ03547', NULL, NULL),
(1246, 31, 8, 'DDL-900AS-WBK', '4D0KJ03556', NULL, NULL),
(1247, 31, 8, 'DDL-900AS-WBK', '4D0KJ03557', NULL, NULL),
(1248, 31, 8, 'DDL-900AS-WBK', '4D0KJ03648', NULL, NULL),
(1249, 31, 8, 'DDL-900AS-WBK', '4D0KJ03678', NULL, NULL),
(1250, 31, 8, 'DDL-900AS-WBK', '4D0KJ03684', NULL, NULL),
(1251, 31, 8, 'DDL-900AS-WBK', '4D0KJ03695', NULL, NULL),
(1252, 31, 8, 'DDL-900AS-WBK', '4D0KJ03696', NULL, NULL),
(1253, 31, 8, 'DDL-900AS-WBK', '4D0KJ03700', NULL, NULL),
(1254, 31, 8, 'DDL-900AS-WBK', '4D0KJ03708', NULL, NULL),
(1255, 31, 8, 'DDL-900AS-WBK', '4D0KJ03869', NULL, NULL),
(1256, 31, 8, 'DDL-900AS-WBK', '4D0KJ03871', NULL, NULL),
(1257, 31, 8, 'DDL-900AS-WBK', '4D0KJ03873', NULL, NULL),
(1258, 31, 8, 'DDL-900AS-WBK', '4D0KJ03879', NULL, NULL),
(1259, 31, 8, 'DDL-900AS-WBK', '4D0KJ03883', NULL, NULL),
(1260, 31, 8, 'DDL-900AS-WBK', '4D0KJ03884', NULL, NULL),
(1261, 31, 8, 'DDL-900AS-WBK', '4D0KJ03907', NULL, NULL),
(1262, 31, 8, 'DDL-900AS-WBK', '4D0KJ03908', NULL, NULL),
(1263, 31, 8, 'DDL-900AS-WBK', '4D0KJ03909', NULL, NULL),
(1264, 31, 8, 'DDL-900AS-WBK', '4D0KJ03910', NULL, NULL),
(1265, 31, 8, 'DDL-900AS-WBK', '4D0KJ03912', NULL, NULL),
(1266, 31, 8, 'DDL-900AS-WBK', '4D0KJ03913', NULL, NULL),
(1267, 31, 8, 'DDL-900AS-WBK', '4D0KJ03915', NULL, NULL),
(1268, 31, 8, 'DDL-900AS-WBK', '4D0KJ03916', NULL, NULL),
(1269, 31, 8, 'DDL-900AS-WBK', '4D0KJ03925', NULL, NULL),
(1270, 31, 8, 'DDL-900AS-WBK', '4D0KJ03933', NULL, NULL),
(1271, 31, 8, 'DDL-900AS-WBK', '4D0KJ03940', NULL, NULL),
(1272, 31, 8, 'DDL-900AS-WBK', '4D0KJ03942', NULL, NULL),
(1273, 31, 8, 'DDL-900AS-WBK', '4D0KJ03963', NULL, NULL),
(1274, 31, 8, 'DDL-900AS-WBK', '4D0KJ04018', NULL, NULL),
(1275, 31, 8, 'DDL-900AS-WBK', '4D0KJ04026', NULL, NULL),
(1276, 31, 8, 'DDL-900AS-WBK', '4D0KJ04052', NULL, NULL),
(1277, 31, 8, 'DDL-900AS-WBK', '4D0KJ04057', NULL, NULL),
(1278, 31, 8, 'DDL-900AS-WBK', '4D0KJ04060', NULL, NULL),
(1279, 31, 8, 'DDL-900AS-WBK', '4D0KJ04101', NULL, NULL),
(1280, 31, 8, 'DDL-900AS-WBK', '4D0KJ04125', NULL, NULL),
(1281, 31, 8, 'DDL-900AS-WBK', '4D0KJ04126', NULL, NULL),
(1282, 31, 8, 'DDL-900AS-WBK', '4D0KJ04127', NULL, NULL),
(1283, 31, 8, 'DDL-900AS-WBK', '4D0KJ04130', NULL, NULL),
(1284, 31, 8, 'DDL-900AS-WBK', '4D0KJ04132', NULL, NULL),
(1285, 31, 8, 'DDL-900AS-WBK', '4D0KJ04206', NULL, NULL),
(1286, 31, 8, 'DDL-900AS-WBK', '4D0KJ04207', NULL, NULL),
(1287, 31, 8, 'DDL-900AS-WBK', '4D0KJ04208', NULL, NULL),
(1288, 31, 8, 'DDL-900AS-WBK', '4D0KJ04211', NULL, NULL),
(1289, 31, 8, 'DDL-900AS-WBK', '4D0KJ04213', NULL, NULL),
(1290, 31, 8, 'DDL-900AS-WBK', '4D0KJ04214', NULL, NULL),
(1291, 31, 8, 'DDL-900AS-WBK', '4D0KJ04216', NULL, NULL),
(1292, 31, 8, 'DDL-900AS-WBK', '4D0KJ04217', NULL, NULL),
(1293, 31, 8, 'DDL-900AS-WBK', '4D0KJ04218', NULL, NULL),
(1294, 31, 8, 'DDL-900AS-WBK', '4D0KJ04220', NULL, NULL),
(1295, 31, 8, 'DDL-900AS-WBK', '4D0KJ04222', NULL, NULL),
(1296, 31, 8, 'DDL-900AS-WBK', '4D0KJ04296', NULL, NULL),
(1297, 31, 8, 'DDL-900AS-WBK', '4D0KJ04298', NULL, NULL),
(1298, 31, 8, 'DDL-900AS-WBK', '4D0KJ04299', NULL, NULL),
(1299, 31, 8, 'DDL-900AS-WBK', '4D0KJ04301', NULL, NULL),
(1300, 31, 8, 'DDL-900AS-WBK', '4D0KJ04312', NULL, NULL),
(1301, 31, 8, 'DDL-900AS-WBK', '4D0KJ04345', NULL, NULL),
(1302, 31, 8, 'DDL-900AS-WBK', '4D0KJ04354', NULL, NULL),
(1303, 31, 8, 'DDL-900AS-WBK', '4D0KJ04356', NULL, NULL),
(1304, 31, 8, 'DDL-900AS-WBK', '4D0KJ04408', NULL, NULL),
(1305, 31, 8, 'DDL-900AS-WBK', '4D0KJ10609', NULL, NULL),
(1306, 31, 8, 'DDL-900AS-WBK', '4D0KJ10705', NULL, NULL),
(1307, 31, 8, 'DDL-8700-7', '4DODF22569', NULL, NULL),
(1308, 31, 8, 'DDL-8700-7', '4DODF22589', NULL, NULL),
(1309, 31, 8, 'DDL-8700-7', '4DODG02546', NULL, NULL),
(1310, 31, 8, 'DDL-8700-7', '4DODG02572', NULL, NULL),
(1311, 31, 8, 'DDL-8700-7', '4DODJ24730', NULL, NULL),
(1312, 31, 8, 'DDL-8700-7', '4DODJ24778', NULL, NULL),
(1313, 31, 8, 'DDL-8700-7', '4DODJ24784', NULL, NULL),
(1314, 31, 8, 'DDL-8700-7', '4DODJ24882', NULL, NULL),
(1315, 31, 8, 'DDL-8700-7', '4DODJ29754', NULL, NULL),
(1316, 31, 8, 'DDL-8700-7', '4DODJ29814', NULL, NULL),
(1317, 31, 8, 'DDL-8700-7', '4DODJ29831', NULL, NULL),
(1318, 31, 2, 'S-7300A-433', 'C9813560', NULL, NULL),
(1319, 31, 2, 'S-7300A-433', 'C9813802', NULL, NULL),
(1320, 31, 2, 'S-7300A-433', 'C9813822', NULL, NULL),
(1321, 31, 2, 'S-7300A-433', 'C9813827', NULL, NULL),
(1322, 31, 2, 'S-7300A-433', 'C9813835', NULL, NULL),
(1323, 31, 2, 'S-7300A-433', 'C9813840', NULL, NULL),
(1324, 31, 2, 'S-7300A-433', 'C9813844', NULL, NULL),
(1325, 31, 2, 'S-7300A-433', 'C9813851', NULL, NULL),
(1326, 31, 2, 'S-7300A-433', 'C9813852', NULL, NULL),
(1327, 31, 2, 'S-7300A-433', 'C9813857', NULL, NULL),
(1328, 31, 2, 'S-7300A-403P', 'C9813858', NULL, NULL),
(1329, 31, 2, 'S-7300A-433', 'C9813862', NULL, NULL),
(1330, 31, 2, 'S-7300A-433', 'C9813867', NULL, NULL),
(1331, 31, 2, 'S-7300A-433', 'C9813908', NULL, NULL),
(1332, 31, 2, 'S-7300A-433', 'C9813914', NULL, NULL),
(1333, 31, 2, 'S-7300A-433', 'C9813919', NULL, NULL),
(1334, 31, 2, 'S-7300A-433', 'C9813920', NULL, NULL),
(1335, 31, 2, 'S-7300A-433', 'C9813924', NULL, NULL),
(1336, 31, 2, 'S-7300A-433', 'C9813933', NULL, NULL),
(1337, 31, 2, 'S-7300A-433', 'C9813935', NULL, NULL),
(1338, 31, 2, 'S-7300A-433', 'C9813936', NULL, NULL),
(1339, 31, 2, 'S-7300A-433', '13939', NULL, NULL),
(1340, 31, 2, 'S-7300A-433', 'C9813940', NULL, NULL),
(1341, 31, 2, 'S-7300A-433', 'C9813942', NULL, NULL),
(1342, 31, 2, 'S-7300A-433', 'C9813943', NULL, NULL),
(1343, 31, 2, 'S-7300A-433', 'C9813945', NULL, NULL),
(1344, 31, 2, 'S-7300A-403P', 'C9813947', NULL, NULL),
(1345, 31, 2, 'S-7300A-433', 'C9813948', NULL, NULL),
(1346, 31, 2, 'S-7300A-433', 'C9813950', NULL, NULL),
(1347, 31, 2, 'S-7300A-433', 'C9813951', NULL, NULL),
(1348, 31, 2, 'S-7300A-433', 'C9813955', NULL, NULL),
(1349, 31, 2, 'S-7300A-433', 'C9813956', NULL, NULL),
(1350, 31, 2, 'S-7300A-433', 'C9813964', NULL, NULL),
(1351, 31, 2, 'S-7300A-433', 'C9813966', NULL, NULL),
(1352, 31, 2, 'S-7300A-433', 'C9813977', NULL, NULL),
(1353, 31, 2, 'S-7300A-433', 'C9813979', NULL, NULL),
(1354, 31, 2, 'S-7300A-433', 'C9813982', NULL, NULL),
(1355, 31, 2, 'S-7300A-433', 'C9813985', NULL, NULL),
(1356, 31, 2, 'S-7300A-433', 'C9813991', NULL, NULL),
(1357, 31, 2, 'S-7300A-433', 'C9813998', NULL, NULL),
(1358, 31, 2, 'S-7300A-433', 'C9814000', NULL, NULL),
(1359, 31, 2, 'S-7300A-433', 'C9814005', NULL, NULL),
(1360, 31, 2, 'S-7300A-433', 'C9814006', NULL, NULL),
(1361, 31, 2, 'S-7300A-433', 'C9814010', NULL, NULL),
(1362, 31, 2, 'S-7300A-433', 'C9814011', NULL, NULL),
(1363, 31, 2, 'S-7300A-433', 'C9814014', NULL, NULL),
(1364, 31, 2, 'S-7300A-433', 'C9814015', NULL, NULL),
(1365, 31, 2, 'S-7300A-403P', 'D8Z00637', NULL, NULL),
(1366, 31, 2, 'S-7300A-403P', 'D8Z00641', NULL, NULL),
(1367, 31, 2, 'S-7300A-403P', 'D8Z06321', NULL, NULL),
(1368, 31, 2, 'S-7300A-403P', 'D8Z06331', NULL, NULL),
(1369, 31, 2, 'S-7300A-403P', 'D8Z06342', NULL, NULL),
(1370, 31, 2, 'S-7300A-403P', 'D8Z06349', NULL, NULL),
(1371, 31, 2, 'S-7300A-403P', 'D8Z06354', NULL, NULL),
(1372, 31, 2, 'S-7300A-403P', 'D8Z06374', NULL, NULL),
(1373, 31, 2, 'S-7300A-403P', 'D8Z06377', NULL, NULL),
(1374, 31, 2, 'S-7300A-403P', 'D8Z06381', NULL, NULL),
(1375, 31, 2, 'S-7300A-403P', 'D8Z06390', NULL, NULL),
(1376, 31, 2, 'S-7300A-403P', 'D8Z06409', NULL, NULL),
(1377, 31, 2, 'S-7300A-403P', 'D8Z06418', NULL, NULL),
(1378, 31, 2, 'S-7300A-403P', 'D8Z06420', NULL, NULL),
(1379, 31, 2, 'S-7300A-403P', 'D8Z06422', NULL, NULL),
(1380, 31, 2, 'S-7300A-403P', 'D8Z06431', NULL, NULL),
(1381, 31, 2, 'S-7300A-403P', 'D8Z06438', NULL, NULL),
(1382, 31, 2, 'S-7300A-403P', 'D8Z06440', NULL, NULL),
(1383, 31, 2, 'S-7300A-403P', 'D8Z06449', NULL, NULL),
(1384, 31, 2, 'S-7300A-403P', 'D8Z06455', NULL, NULL),
(1385, 31, 2, 'S-7300A-403P', 'D8Z06483', NULL, NULL),
(1386, 31, 2, 'S-7300A-403P', 'D8Z06486', NULL, NULL),
(1387, 31, 2, 'S-7300A-403P', 'D8Z06492', NULL, NULL),
(1388, 31, 2, 'S-7300A-403P', 'D8Z06495', NULL, NULL),
(1389, 31, 2, 'S-7300A-403P', 'D8Z06500', NULL, NULL),
(1390, 31, 2, 'S-7300A-403P', 'D8Z06507', NULL, NULL),
(1391, 31, 2, 'S-7300A-403P', 'D8Z06516', NULL, NULL),
(1392, 31, 2, 'S-7300A-403P', 'D8Z06517', NULL, NULL),
(1393, 31, 2, 'S-7300A-403P', 'D8Z06523', NULL, NULL),
(1394, 31, 2, 'S-7300A-403P', 'D8Z06524', NULL, NULL),
(1395, 31, 2, 'S-7300A-403P', 'D8Z06530', NULL, NULL),
(1396, 31, 2, 'S-7300A-403P', 'D8Z06539', NULL, NULL),
(1397, 31, 2, 'S-7300A-403P', 'D8Z06540', NULL, NULL),
(1398, 31, 2, 'S-7300A-403P', 'D8Z06545', NULL, NULL),
(1399, 31, 2, 'S-7300A-403P', 'D8Z06551', NULL, NULL),
(1400, 31, 2, 'S-7300A-403P', 'D8Z06559', NULL, NULL),
(1401, 31, 2, 'S-7300A-403P', 'D8Z06562', NULL, NULL),
(1402, 31, 2, 'S-7300A-403P', 'D8Z06567', NULL, NULL),
(1403, 31, 2, 'S-7300A-403P', 'D8Z06568', NULL, NULL),
(1404, 31, 2, 'S-7300A-403P', 'D8Z06573', NULL, NULL),
(1405, 31, 2, 'S-7300A-403P', 'D8Z06575', NULL, NULL),
(1406, 31, 2, 'S-7300A-403P', 'D8Z06587', NULL, NULL),
(1407, 31, 2, 'S-7300A-403P', 'D8Z06588', NULL, NULL),
(1408, 31, 2, 'S-7300A-403P', 'D8Z06590', NULL, NULL),
(1409, 31, 2, 'S-7300A-403P', 'D8Z11572', NULL, NULL),
(1410, 31, 2, 'S-7300A-403P', 'D8Z06591', NULL, NULL),
(1411, 31, 2, 'S-7300A-403P', 'H7Z11527', NULL, NULL),
(1412, 31, 2, 'S-7300A-403P', 'H7Z11537', NULL, NULL),
(1413, 31, 2, 'S-7300A-403P', 'H7Z11560', NULL, NULL),
(1414, 31, 2, 'S-7300A-403P', 'H7Z11562', NULL, NULL),
(1415, 31, 2, 'S-7300A-403P', 'H7Z11565', NULL, NULL),
(1416, 31, 2, 'S-7300A-403P', 'H7Z11567', NULL, NULL),
(1417, 31, 2, 'S-7300A-403P', 'H7Z11570', NULL, NULL),
(1418, 31, 2, 'S-7300A-403P', 'H7Z11593', NULL, NULL),
(1419, 31, 2, 'S-7300A-403P', 'H7Z11599', NULL, NULL),
(1420, 31, 2, 'S-7300A-403P', 'H7Z11609', NULL, NULL),
(1421, 31, 2, 'S-7300A-403P', 'H7Z11613', NULL, NULL),
(1422, 31, 2, 'S-7300A-403P', 'H7Z11618', NULL, NULL),
(1423, 31, 2, 'S-7300A-403P', 'H7Z11623', NULL, NULL),
(1424, 31, 2, 'S-7300A-403P', 'H7Z11628', NULL, NULL),
(1425, 31, 2, 'S-7300A-403P', 'H7Z11632', NULL, NULL),
(1426, 31, 2, 'S-7300A-403P', 'H7Z11683', NULL, NULL),
(1427, 31, 2, 'S-7300A-403P', 'H7Z11686', NULL, NULL),
(1428, 31, 2, 'S-7300A-403P', 'H7Z11688', NULL, NULL),
(1429, 31, 2, 'S-7300A-403P', 'H7Z11702', NULL, NULL),
(1430, 31, 2, 'S-7300A-403P', 'H7Z11712', NULL, NULL),
(1431, 31, 2, 'S-7300A-403P', 'H7Z11718', NULL, NULL),
(1432, 31, 2, 'S-7300A-403P', 'H7Z11723', NULL, NULL),
(1433, 31, 2, 'S-7300A-403P', 'H7Z11727', NULL, NULL),
(1434, 31, 2, 'S-7300A-403P', 'H7Z11738', NULL, NULL),
(1435, 31, 2, 'S-7300A-403P', 'H7Z11747', NULL, NULL),
(1436, 31, 2, 'S-7300A-403P', 'H7Z11759', NULL, NULL),
(1437, 31, 2, 'S-7300A-403P', 'H7Z11764', NULL, NULL),
(1438, 31, 2, 'S-7300A-403P', 'H7Z11767', NULL, NULL),
(1439, 31, 2, 'S-7300A-403P', '72308', NULL, NULL),
(1440, 31, 2, 'S-7300A-403P', 'J8Z73081', NULL, NULL),
(1441, 31, 2, 'S-7300A-403P', 'J8Z73088', NULL, NULL),
(1442, 31, 2, 'S-7300A-403P', 'J8Z73095', NULL, NULL),
(1443, 31, 2, 'S-7300A-403P', 'J8Z73110', NULL, NULL),
(1444, 31, 2, 'S-7300A-403P', 'J8Z73116', NULL, NULL),
(1445, 31, 2, 'S-7300A-403P', 'J8Z73117', NULL, NULL),
(1446, 31, 2, 'S-7300A-403P', 'J8Z73118', NULL, NULL),
(1447, 31, 2, 'S-7300A-403P', 'J8Z73119', NULL, NULL),
(1448, 31, 2, 'S-7300A-403P', 'J8Z73120', NULL, NULL),
(1449, 31, 2, 'S-7300A-403P', 'J8Z73133', NULL, NULL),
(1450, 31, 2, 'S-7300A-403P', 'J8Z73135', NULL, NULL),
(1451, 31, 2, 'S-7300A-403P', 'J8Z73136', NULL, NULL),
(1452, 31, 2, 'S-7300A-403P', 'J8Z73137', NULL, NULL),
(1453, 31, 2, 'S-7300A-403P', 'J8Z73138', NULL, NULL),
(1454, 31, 2, 'S-7300A-403P', 'J8Z73141', NULL, NULL),
(1455, 31, 2, 'S-7300A-403P', 'J8Z73160', NULL, NULL),
(1456, 31, 2, 'S-7300A-403P', 'J8Z73161', NULL, NULL),
(1457, 31, 2, 'S-7300A-403P', 'J8Z73163', NULL, NULL),
(1458, 31, 2, 'S-7300A-403P', 'J8Z73164', NULL, NULL),
(1459, 31, 2, 'S-7300A-403P', 'J8Z73165', NULL, NULL),
(1460, 31, 2, 'S-7300A-403P', 'J8Z73169', NULL, NULL),
(1461, 31, 2, 'S-7300A-403P', 'J8Z73173', NULL, NULL),
(1462, 31, 2, 'S-7300A-403P', 'J8Z73175', NULL, NULL),
(1463, 31, 2, 'S-7300A-403P', 'J8Z73178', NULL, NULL),
(1464, 31, 2, 'S-7300A-403P', 'J8Z73179', NULL, NULL),
(1465, 31, 2, 'S-7300A-403P', 'J8Z73193', NULL, NULL),
(1466, 31, 2, 'S-7300A-403P', 'J8Z73205', NULL, NULL),
(1467, 31, 2, 'S-7300A-403P', 'J8Z73206', NULL, NULL),
(1468, 31, 2, 'S-7300A-403P', 'J8Z73213', NULL, NULL),
(1469, 31, 2, 'S-7300A-403P', 'J8Z73218', NULL, NULL),
(1470, 31, 2, 'S-7300A-403P', 'J8Z73235', NULL, NULL),
(1471, 31, 2, 'S-7300A-403P', 'J8Z73236', NULL, NULL),
(1472, 31, 2, 'S-7300A-403P', 'J8Z73239', NULL, NULL),
(1473, 31, 2, 'S-7300A-403P', 'J8Z73241', NULL, NULL),
(1474, 31, 2, 'S-7300A-403P', 'J8Z73242', NULL, NULL),
(1475, 31, 2, 'S-7300A-403P', 'J8Z73264', NULL, NULL),
(1476, 31, 2, 'S-7300A-403P', 'J8Z73275', NULL, NULL),
(1477, 31, 2, 'S-7300A-403P', 'J8Z73279', NULL, NULL),
(1478, 31, 2, 'S-7300A-403P', 'J8Z73280', NULL, NULL),
(1479, 31, 2, 'S-7300A-403P', 'J8Z73288', NULL, NULL),
(1480, 31, 2, 'S-7300A-403P', 'J8Z73293', NULL, NULL),
(1481, 31, 2, 'S-7300A-403P', 'J8Z73294', NULL, NULL),
(1482, 31, 2, 'S-7300A-403P', 'J8Z73297', NULL, NULL),
(1483, 31, 2, 'S-7300A-403P', 'J8Z73339', NULL, NULL),
(1484, 31, 2, 'S-7300A-403P', 'J8Z73220', NULL, NULL),
(1485, 31, 2, 'S-7200A-433', 'K5Z02552', NULL, NULL),
(1486, 31, 2, 'S-7200A-433', 'K5Z02575', NULL, NULL),
(1487, 31, 2, 'S-7200A-433', 'K5Z02688', NULL, NULL),
(1488, 31, 8, 'DDL-8000ASMSNBK', 'PDAPA00233', NULL, NULL),
(1489, 31, 8, 'DDL-8000ASMSNBK', 'PDAPA00236', NULL, NULL),
(1490, 31, 8, 'DDL-8000ASMSNBK', 'PDAPA00237', NULL, NULL),
(1491, 31, 8, 'DDL-8000ASMSNBK', 'PDAPA00238', NULL, NULL),
(1492, 31, 8, 'DDL-8000ASMSNBK', 'PDAPA00239', NULL, NULL),
(1493, 31, 8, 'DDL-8000ASMSNBK', 'PDAPA00246', NULL, NULL),
(1494, 31, 8, 'DDL-8000ASMSNBK', 'PDAPA00257', NULL, NULL),
(1495, 31, 8, 'DDL-8000ASMSNBK', 'PDAPA00261', NULL, NULL),
(1496, 31, 8, 'DDL-8000ASMSNBK', 'PDAPA00263', NULL, NULL),
(1497, 31, 8, 'DDL-8000ASMSNBK', 'PDAPA00275', NULL, NULL),
(1498, 31, 8, 'DDL-8000ASMSNBK', 'PDAPA00299', NULL, NULL),
(1499, 31, 8, 'DDL-8000ASMSNBK', 'PDAPA00302', NULL, NULL),
(1500, 31, 8, 'DDL-8000ASMSNBK', 'PDAPA00317', NULL, NULL),
(1501, 31, 8, 'DDL-8000ASMSNBK', 'PDAPA00331', NULL, NULL),
(1502, 31, 8, 'DDL-8000ASMSNBK', 'PDAPA00333', NULL, NULL),
(1503, 31, 8, 'DDL-8000ASMSNBK', 'PDAPA00338', NULL, NULL),
(1504, 31, 8, 'DDL-8000ASMSNBK', 'PDAPA00343', NULL, NULL),
(1505, 31, 8, 'DDL-8000ASMSNBK', 'PDAPA00346', NULL, NULL),
(1506, 31, 8, 'DDL-8000ASMSNBK', 'PDAPA00347', NULL, NULL),
(1507, 31, 8, 'DDL-8000ASMSNBK', 'PDAPA00348', NULL, NULL),
(1508, 31, 8, 'DDL-8000ASMSNBK', 'PDAPA00355', NULL, NULL),
(1509, 31, 8, 'DDL-8000ASMSNBK', 'PDAPA00359', NULL, NULL),
(1510, 31, 8, 'DDL-8000ASMSNBK', 'PDAPA00383', NULL, NULL),
(1511, 31, 8, 'DDL-8000ASMSNBK', 'PDAPA00415', NULL, NULL),
(1512, 31, 8, 'DDL-8000ASMSNBK', 'PDAPA00421', NULL, NULL),
(1513, 31, 8, 'DDL-8000ASMSNBK', 'PDAPA00429', NULL, NULL),
(1514, 31, 8, 'DDL-8000ASMSNBK', 'PDAPA00433', NULL, NULL),
(1515, 31, 8, 'DDL-8000ASMSNBK', 'PDAPA00444', NULL, NULL),
(1516, 31, 8, 'DDL-8000ASMSNBK', 'PDAPA00449', NULL, NULL),
(1517, 31, 8, 'DDL-8000ASMSNBK', 'PDAPA00452', NULL, NULL),
(1518, 31, 8, 'DDL-8000ASMSNBK', 'PDAPA02451', NULL, NULL),
(1519, 31, 8, 'DDL-8000ASMSNBK', 'PDAPA02457', NULL, NULL),
(1520, 31, 8, 'DDL-8000ASMSNBK', 'PDAPA02458', NULL, NULL),
(1521, 31, 8, 'DDL-8000ASMSNBK', 'PDAPA02460', NULL, NULL),
(1522, 31, 8, 'DDL-8000ASMSNBK', 'PDAPA02462', NULL, NULL),
(1523, 31, 8, 'DDL-8000ASMSNBK', 'PDAPA02463', NULL, NULL),
(1524, 31, 8, 'DDL-8000ASMSNBK', 'PDAPA02467', NULL, NULL),
(1525, 31, 8, 'DDL-8000ASMSNBK', 'PDAPA02474', NULL, NULL),
(1526, 31, 8, 'DDL-8000ASMSNBK', 'PDAPA02478', NULL, NULL),
(1527, 31, 8, 'DDL-8000ASMSNBK', 'PDAPA02495', NULL, NULL),
(1528, 31, 8, 'DDL-8000ASMSNBK', 'PDAPA02497', NULL, NULL),
(1529, 31, 8, 'DDL-8000ASMSNBK', 'PDAPA02503', NULL, NULL),
(1530, 31, 8, 'DDL-8000ASMSNBK', 'PDAPA02505', NULL, NULL),
(1531, 31, 8, 'DDL-8000ASMSNBK', 'PDAPA02550', NULL, NULL),
(1532, 31, 8, 'DDL-8000ASMSNBK', 'PDAPA02554', NULL, NULL),
(1533, 31, 8, 'DDL-8000ASMSNBK', 'PDAPA02558', NULL, NULL),
(1534, 31, 2, 'S-7200A-433', 'K5Z02536', NULL, NULL),
(1535, 31, 2, 'S-7200A-433', 'K5Z02542', NULL, NULL),
(1536, 31, 2, 'S-7200A-433', 'K5Z02554', NULL, NULL),
(1537, 31, 2, 'S-7200A-433', 'K5Z02567', NULL, NULL),
(1538, 31, 2, 'S-7200A-433', 'K5Z02616', NULL, NULL),
(1539, 31, 2, 'S-7200A-433', 'K5Z31847', NULL, NULL),
(1540, 31, 2, 'S-7200A-433', 'K5Z02645', NULL, NULL),
(1541, 31, 24, 'KM250A7S', '60106446', NULL, NULL),
(1542, 32, 8, 'DLU-5490N-7', '2D4FD00445', NULL, NULL),
(1543, 32, 8, 'DLU-5490N-7', '2D4FD00447', NULL, NULL),
(1544, 32, 8, 'DLU-5490N-7', '2D4FD00448', NULL, NULL),
(1545, 33, 14, 'WX008-25064PQ3', '102082281', NULL, NULL),
(1546, 33, 14, 'WX008-25064PQ3', '102102388', NULL, NULL),
(1547, 33, 14, 'WX008-25064PQ3', '102102394', NULL, NULL),
(1548, 33, 14, 'WX008-25064PQ3', '102092323', NULL, NULL),
(1549, 34, 27, 'TY-90', '14040353', NULL, NULL),
(1550, 34, 27, 'TY-90', '14040354', NULL, NULL),
(1551, 34, 25, 'TK808', '3011459', NULL, NULL),
(1552, 34, 25, 'TK808', '3011473', NULL, NULL),
(1553, 34, 27, 'TY-90', '14040355', NULL, NULL),
(1554, 34, 27, 'TY-90', '14040356', NULL, NULL),
(1555, 34, 27, 'TY-90', '14040358', NULL, NULL),
(1556, 34, 25, 'TK808', '0212964', NULL, NULL),
(1557, 34, 25, 'TK808', '0211207', NULL, NULL),
(1558, 6, 4, 'LU-933', '1693486', NULL, NULL),
(1559, 36, 9, '1512B', '1811140301', NULL, NULL),
(1560, 37, 26, 'H-04', 'H-4073', NULL, NULL),
(1561, 38, 21, 'VC008-23032P', '2332789', NULL, NULL),
(1562, 38, 21, 'VC008-23032P', '21950422', NULL, NULL),
(1563, 38, 21, 'VC008-23032P', '4206070', NULL, NULL),
(1564, 38, 21, 'VC008-23032P', '23324623', NULL, NULL),
(1565, 38, 21, 'VC008-23032P', '23324781', NULL, NULL),
(1566, 38, 21, 'VC008-23032P', '23324755', NULL, NULL),
(1567, 38, 21, 'VC008-23032P', '23324767', NULL, NULL),
(1568, 38, 21, 'VC008-23032P', '23327671', NULL, NULL),
(1569, 38, 21, 'VC008-23032P', '23327723', NULL, NULL),
(1570, 38, 21, 'VC008-23032P', '2332777', NULL, NULL),
(1571, 38, 21, 'VC008-23032P', '23324784', NULL, NULL),
(1572, 38, 21, 'VC008-23032P', 'K0208047', NULL, NULL),
(1573, 31, 2, 'S-7200A-433', 'K5Z12602', NULL, NULL),
(1574, 38, 21, 'VC008-23032P', 'K0208054', NULL, NULL),
(1575, 38, 21, 'VC008-23032P', 'K0209258', NULL, NULL),
(1576, 38, 21, 'VC008-23032P', 'K2195147Z', NULL, NULL),
(1577, 38, 21, 'VC008-23032P', 'K4206047', NULL, NULL),
(1578, 38, 21, 'VC008-23032P', '23324717', NULL, NULL),
(1579, 38, 10, 'FX-4400', 'KS2214499', NULL, NULL),
(1580, 38, 10, 'FX-4423PW', 'KS2214500', NULL, NULL),
(1581, 38, 10, 'FX-4423PW', 'KS2214483', NULL, NULL),
(1582, 38, 10, 'FX-4423PW', 'KS2214494', NULL, NULL),
(1583, 38, 10, 'FX-4423PW', 'KS2215101', NULL, NULL),
(1584, 39, 6, 'GEM20U63', '40140020', NULL, NULL),
(1585, 39, 6, 'GEM20U63', '5124050087', NULL, NULL),
(1586, 39, 6, 'GEM20U63', '6014050021', NULL, NULL),
(1587, 39, 6, 'GEM20U63', '4014050022', NULL, NULL),
(1588, 39, 6, 'GEM20U63', '5115050121', NULL, NULL),
(1589, 39, 6, 'GEM20U63', '5115050146', NULL, NULL),
(1590, 39, 6, 'GEM20U63', '5115050175', NULL, NULL),
(1591, 39, 6, 'GEM20U63', '5115050163', NULL, NULL),
(1592, 21, 21, '747K-514M2-24/DKKU 1-0', '119K013396', NULL, NULL),
(1593, 21, 21, '747K-514M2-24', '128058019', NULL, NULL),
(1594, 21, 21, '747F-514M2-24', '10119228', NULL, NULL),
(1595, 21, 21, '747F-514M2-24', '7092706', NULL, NULL),
(1596, 27, 15, 'KU-PA-4060', '190604', NULL, NULL),
(1597, 19, 7, 'HP-450MS', '685', NULL, NULL),
(1598, 17, 1, '21 CEH', 'L00045', NULL, NULL),
(1599, 21, 21, '747K-514M2-24', '2048254', NULL, NULL),
(1600, 21, 21, '747K-514M2-24', '2048516', NULL, NULL),
(1601, 21, 21, '747F-514M2-24', '4019758H', NULL, NULL),
(1602, 34, 27, 'TY-90', 'SB0001', NULL, NULL),
(1603, 12, 17, 'W562-01GB', '3433017', NULL, NULL),
(1604, 11, 20, 'FW-777-CB-356', '808320405', NULL, NULL),
(1605, 11, 20, 'FW-777-CB-356', '607120403', NULL, NULL),
(1606, 38, 21, 'VC008-23032P', '4206029', NULL, NULL),
(1607, 11, 21, 'S007KD', '002164', NULL, NULL),
(1608, 21, 21, '747F-514M2-24', '513722', NULL, NULL),
(1609, 11, 21, 'C007KD-W122-356/CH/UTS', '24300128', NULL, NULL),
(1610, 11, 21, 'C007KD-W122-356/CH/UTS', '27259239', NULL, NULL),
(1611, 31, 2, 'S-7300A-433', '19948', NULL, NULL),
(1612, 27, 15, 'N/A', 'PM0001', NULL, NULL),
(1613, 27, 15, 'N/A', 'PM0002', NULL, NULL),
(1614, 27, 15, 'N/A', 'PM0003', NULL, NULL),
(1615, 27, 15, 'N/A', 'PM0004', NULL, NULL),
(1616, 34, 25, 'TK808', 'SB0002', NULL, NULL),
(1617, 34, 27, 'TY-90', 'SB0003', NULL, NULL),
(1618, 34, 25, 'TK808', 'SB0004', NULL, NULL),
(1619, 34, 27, 'TY-90', 'SB0005', NULL, NULL),
(1620, 34, 25, 'TK808', 'SB0006', NULL, NULL),
(1621, 34, 27, 'TY-90', 'SB0007', NULL, NULL),
(1622, 34, 25, 'TK808', 'SB0008', NULL, NULL),
(1623, 34, 25, 'TK808', 'SB0009', NULL, NULL),
(1624, 34, 25, 'TK808', 'SB0010', NULL, NULL),
(1625, 34, 25, 'TK808', 'SB0011', NULL, NULL),
(1626, 34, 25, 'TK808', 'SB0012', NULL, NULL),
(1627, 34, 25, 'TK808', 'SB0013', NULL, NULL),
(1628, 34, 27, 'TY-90', 'SB0014', NULL, NULL),
(1629, 19, 16, 'N/A', 'FM0001', NULL, NULL),
(1630, 19, 16, 'N/A', 'FM0002', NULL, NULL),
(1631, 19, 16, 'HP-450MS', 'FM0003', NULL, NULL),
(1632, 18, 18, 'RPCE-NM-FE-18-450(900+40)X850-B-F12-VR1-NA-3P380', '10201384', NULL, NULL),
(1633, 18, 18, 'RPCE-NM-FE-18-450(900+40)X850-B-F12-VR1-NA-3P380', '10201385', NULL, NULL),
(1634, 18, 18, 'RPED-FN-920-330X850', '1412052684', NULL, NULL),
(1635, 18, 18, 'RPED-FN-920-330X850', '1412052685', NULL, NULL),
(1636, 18, 18, 'RPED-FN-920-330X850', '1412052686', NULL, NULL),
(1637, 18, 18, 'RPED-FN-920-330X850', '1412052687', NULL, NULL),
(1638, 18, 18, 'RPED-FN-920-330X850', '1412052688', NULL, NULL),
(1639, 20, 13, 'ND-398', 'JP-66026', NULL, NULL),
(1640, 14, 15, 'SE25', 'C106-3', NULL, NULL),
(1641, 28, 23, 'RC-280', '2800841', NULL, NULL),
(1642, 40, 18, 'RPAS-LM-C-1-1200X800-A-IS1-VR1-NA-IP220', '20101187', NULL, NULL),
(1643, 12, 17, 'W562-015B', '0107886', NULL, NULL),
(1644, 12, 17, 'W562-015B', '3432420', NULL, NULL),
(1645, 21, 21, '700K', '429023428', NULL, NULL),
(1646, 11, 21, 'C007KD', '127254500', NULL, NULL),
(1647, 21, 21, '700K', '128058017', NULL, NULL),
(1648, 21, 21, '747K-514M2-24', '128057941', NULL, NULL),
(1649, 31, 8, 'DDL-900AS-WBK', '4D0KJ04209', NULL, NULL),
(1650, 31, 2, 'S-7300A-403P', 'D8Z06549', NULL, NULL),
(1651, 27, 15, 'KU54-2B-TC', '140638', NULL, NULL),
(1652, 34, 27, 'TY-90', '14040357', NULL, NULL),
(1653, 11, 21, 'S007KD', '117k002163', NULL, NULL),
(1654, 25, 10, 'DPW-1302-W', 'KS711213', NULL, NULL),
(1655, 11, 21, 'C007KD-W122-356/CH/UTS', '117K001651', NULL, NULL),
(1656, 21, 21, '747F-514M2-24', '1010866', NULL, NULL),
(1657, 31, 8, 'DDL-900AS-WBK', '4D0KH13582', NULL, NULL),
(1658, 21, 21, '747K-514M2-24/DKKU 1-0', '119K023534', NULL, NULL),
(1659, 22, 21, '747KST-514M-3-24/VT', '229700574', NULL, NULL),
(1660, 12, 17, 'W562-01GB', '3406491', NULL, NULL),
(1661, 22, 21, '747KST-514M-3-24/VT', '229700545', NULL, NULL),
(1662, 31, 2, 'S-7300A-403P', 'J8Z73134', NULL, NULL),
(1663, 31, 8, 'DDL-900AS-WBK', '4D0KJ03705', NULL, NULL),
(1664, 31, 2, 'S-7300A-433', 'C9813837', NULL, NULL),
(1665, 11, 21, 'C007KD-W122-356/CH/UTQ', '121K043877', NULL, NULL),
(1666, 31, 2, 'S-7300A-403P', 'J8Z73314', NULL, NULL),
(1667, 11, 21, 'C007KD-W122-356/CH/UTS', '6890829', NULL, NULL),
(1668, 11, 17, 'W664-01GB', '0183937', NULL, NULL),
(1669, 21, 21, '747K-514M2-24', '128058037', NULL, NULL),
(1670, 21, 21, '747K-514M2-24/DKKU 1-0', '119K021081', NULL, NULL),
(1671, 27, 15, 'KU54-2B-TC', '150622', NULL, NULL),
(1672, 31, 2, 'S-7300A-403P', 'D8Z06541', NULL, NULL),
(1673, 31, 2, 'S-7300A-433', 'K5Z02635', NULL, NULL),
(1674, 16, 8, 'LH-3568ASF-7-WB/SC920/CP18', '8L3KE00898', NULL, NULL),
(1675, 11, 21, 'C007KD-W122-356', '27254900', NULL, NULL),
(1676, 11, 21, 'C007KD-W122-356', '27259234', NULL, NULL),
(1677, 21, 21, '747F-514M2-24', '23039946', NULL, NULL),
(1678, 22, 21, '747KST-514M-3-24/VT\r\n', '219K000487', NULL, NULL),
(1679, 31, 8, 'DDL-8000ASMSNBK', 'PDAPA02461', NULL, NULL),
(1680, 11, 17, 'W600\r\n', '0108160\r\n', NULL, NULL),
(1681, 21, 21, '747K-514M2-24\r\n', '128058014\r\n', NULL, NULL),
(1682, 11, 21, 'C007KD-W122-356/CH/UTS\r\n', '220K000611\r\n', NULL, NULL),
(1683, 11, 21, 'C007KD-W122-356/CH/UTS\r\n', '117K001708\r\n', NULL, NULL),
(1684, 21, 21, '747K-514M2-24/DKKU 1-0\r\n', '119K020691\r\n', NULL, NULL),
(1685, 22, 31, 'NM-752-13HDD-2X4-KS\r\n', '20231110004\r\n', NULL, NULL),
(1686, 22, 31, 'NM-752-13HDD-2X4-KS\r\n', '20231110031\r\n', NULL, NULL),
(1687, 22, 31, 'NM-752-13HDD-2X4-KS\r\n', '20231110011', NULL, NULL),
(1688, 22, 31, 'NM-752-13HDD-2X4-KS\r\n', '20231110021', NULL, NULL),
(1689, 22, 31, 'NM-752-13HDD-2X4-KS\r\n', '20231110014', NULL, NULL),
(1690, 22, 31, 'NM-752-13HDD-2X4-KS\r\n', '20231110022', NULL, NULL),
(1691, 22, 31, 'NM-752-13HDD-2X4-KS\r\n', '20231110013', NULL, NULL),
(1692, 22, 31, 'NM-752-13HDD-2X4-KS\r\n', '20231110049', NULL, NULL),
(1693, 22, 31, 'NM-752-13HDD-2X4-KS\r\n', '20231110037', NULL, NULL),
(1694, 22, 31, 'NM-752-13HDD-2X4-KS\r\n', '20231110023', NULL, NULL),
(1695, 22, 31, 'NM-752-13HDD-2X4-KS\r\n', '20231110030', NULL, NULL),
(1696, 22, 31, 'NM-752-13HDD-2X4-KS\r\n', '20231110005', NULL, NULL),
(1697, 22, 31, 'NM-752-13HDD-2X4-KS\r\n', '20231110050', NULL, NULL),
(1698, 22, 31, 'NM-752-13HDD-2X4-KS\r\n', '20231110008', NULL, NULL),
(1699, 22, 31, 'NM-752-13HDD-2X4-KS\r\n', '20231110033', NULL, NULL),
(1700, 22, 31, 'NM-752-13HDD-2X4-KS\r\n', '20231110010', NULL, NULL),
(1701, 22, 31, 'NM-752-13HDD-2X4-KS\r\n', '20231110042', NULL, NULL),
(1702, 22, 31, 'NM-752-13HDD-2X4-KS\r\n', '20231110002', NULL, NULL),
(1703, 22, 31, 'NM-752-13HDD-2X4-KS\r\n', '20231110046', NULL, NULL),
(1704, 22, 31, 'NM-752-13HDD-2X4-KS\r\n', '20231110024', NULL, NULL),
(1705, 22, 31, 'NM-752-13HDD-2X4-KS\r\n', '20231110009', NULL, NULL),
(1706, 22, 31, 'NM-752-13HDD-2X4-KS\r\n', '20231110007', NULL, NULL),
(1707, 22, 31, 'NM-752-13HDD-2X4-KS\r\n', '20231110035', NULL, NULL),
(1708, 22, 31, 'NM-752-13HDD-2X4-KS\r\n', '20231110016', NULL, NULL),
(1709, 22, 31, 'NM-752-13HDD-2X4-KS\r\n', '20231110043', NULL, NULL),
(1710, 22, 31, 'NM-752-13HDD-2X4-KS\r\n', '20231110001', NULL, NULL),
(1711, 22, 31, 'NM-752-13HDD-2X4-KS\r\n', '20231110045', NULL, NULL),
(1712, 22, 31, 'NM-752-13HDD-2X4-KS\r\n', '20231110041', NULL, NULL),
(1713, 22, 31, 'NM-752-13HDD-2X4-KS\r\n', '20231110032', NULL, NULL),
(1714, 22, 31, 'NM-752-13HDD-2X4-KS\r\n', '20231110018', NULL, NULL),
(1715, 22, 31, 'NM-752-13HDD-2X4-KS\r\n', '20231110038', NULL, NULL),
(1716, 22, 31, 'NM-752-13HDD-2X4-KS\r\n', '20231110006', NULL, NULL),
(1717, 22, 31, 'NM-752-13HDD-2X4-KS\r\n', '20231110044', NULL, NULL),
(1718, 22, 31, 'NM-752-13HDD-2X4-KS\r\n', '20231110027', NULL, NULL),
(1719, 22, 31, 'NM-752-13HDD-2X4-KS\r\n', '20231110039', NULL, NULL),
(1720, 22, 31, 'NM-752-13HDD-2X4-KS\r\n', '20231110003', NULL, NULL),
(1721, 22, 31, 'NM-752-13HDD-2X4-KS\r\n', '20231110012', NULL, NULL),
(1722, 22, 31, 'NM-752-13HDD-2X4-KS\r\n', '20231110020', NULL, NULL),
(1723, 22, 31, 'NM-752-13HDD-2X4-KS\r\n', '20231110017', NULL, NULL),
(1724, 22, 31, 'NM-752-13HDD-2X4-KS\r\n', '20231110040', NULL, NULL),
(1725, 22, 31, 'NM-752-13HDD-2X4-KS\r\n', '20231110047', NULL, NULL),
(1726, 22, 31, 'NM-752-13HDD-2X4-KS\r\n', '20231110029', NULL, NULL),
(1727, 22, 31, 'NM-752-13HDD-2X4-KS\r\n', '20231110025', NULL, NULL),
(1728, 22, 31, 'NM-752-13HDD-2X4-KS\r\n', '20231110016', NULL, NULL),
(1729, 22, 31, 'NM-752-13HDD-2X4-KS\r\n', '20231110028', NULL, NULL),
(1730, 22, 31, 'NM-752-13HDD-2X4-KS\r\n', '20231110019', NULL, NULL),
(1731, 22, 31, 'NM-752-13HDD-2X4-KS\r\n', '20231110036', NULL, NULL),
(1732, 22, 31, 'NM-752-13HDD-2X4-KS\r\n', '20231110034', NULL, NULL),
(1733, 22, 31, 'NM-752-13HDD-2X4-KS\r\n', '20231110048', NULL, NULL),
(1734, 22, 31, 'NM-752-13HDD-2X4-KS\r\n', '20231110026', NULL, NULL),
(1735, 31, 8, 'DDL-900AS-WBK', '4D0KJ03914', NULL, NULL),
(1736, 11, 21, 'C007KD-W122-356/CH/UTQ', '121K043835', NULL, NULL),
(1737, 21, 21, '747K-514M2-24/VT', '129023417', NULL, NULL),
(1738, 31, 8, 'DDL-900AS-WBK', '4D0KH14210', NULL, NULL),
(1739, 31, 2, 'S-7300A-433', 'C9813882', NULL, NULL),
(1740, 11, 21, 'C007KD-W122-356/CH/UTQ', '220K000586', NULL, NULL),
(1741, 11, 21, 'C007KD-W122-356/CH/UTQ', '127254476', NULL, NULL),
(1742, 31, 8, 'DDL-900AS-WBK', '4D0K103983', NULL, NULL),
(1743, 21, 21, '747K-514M2-24/VT', '118k037550', NULL, NULL),
(1744, 12, 17, 'W500', '3433025', NULL, NULL),
(1745, 11, 21, 'C007KD-W122-356/CH/UTQ', '121K043835', NULL, NULL),
(1746, 21, 21, '747K-514M2-24', '128056637', NULL, NULL),
(1747, 21, 21, '747K-514M2-24', '128057979', NULL, NULL),
(1748, 31, 8, 'DDL-8000ASMSNBK', 'PDPA00314', NULL, NULL),
(1749, 31, 8, 'DDL-900AS-WBK', '4D0KH13412', NULL, NULL),
(1750, 31, 2, 'S-7300A-403P', 'D8Z06572', NULL, NULL),
(1751, 21, 21, '747K-514M2-24/DKKU 1-0', '119K023405', NULL, NULL),
(1752, 31, 2, 'S-7300A-403P', 'J8Z73126', NULL, NULL),
(1753, 16, 8, 'LH-3128-7', 'LH0DD17645', NULL, NULL),
(1754, 21, 21, '747K-514M2-24', '128057017', NULL, NULL),
(1755, 31, 2, 'S-7300A-403P', 'H7Z11572', NULL, NULL),
(1756, 31, 2, 'S-7300A-433', 'C9813929', NULL, NULL),
(1757, 22, 21, '747KST-514M-3-24/VT', '0210970', NULL, NULL),
(1758, 31, 8, 'DDL-8000ASMSNBK', 'PDAPA00271', NULL, NULL),
(1759, 31, 2, 'S-7300A-433', 'C9813960', NULL, NULL),
(1760, 27, 15, 'N/A', 'PM0007', NULL, NULL),
(1761, 16, 8, 'LH-3168', 'LH0DH06255', NULL, NULL),
(1762, 23, 21, '747K-514M2-24', '581202', NULL, NULL),
(1763, 27, 15, 'N/A', 'PM0006', NULL, NULL),
(1764, 31, 8, 'DDL-900AS-WBK', '4D0KH13506', NULL, NULL),
(1765, 21, 21, '747K-514M2-24', '2048251', NULL, NULL),
(1766, 21, 21, '747K-514M2-24/DKKU 1-0', '119K023396', NULL, NULL),
(1767, 8, 8, 'LBH-1790AS/MC602KSS', '2L0KF00644', NULL, NULL),
(1768, 31, 2, 'S-7300A-403P', 'D8Z06538', NULL, NULL),
(1769, 11, 21, 'C007KD-W122-356/CH/UTS', '220K000604', NULL, NULL),
(1770, 27, 15, 'KU54-2B-TC', '150634', NULL, NULL),
(1771, 27, 15, 'N/A', 'PM0005', NULL, NULL);
INSERT INTO `machines` (`id`, `machine_type_id`, `brand_id`, `model`, `serial_number`, `created_at`, `updated_at`) VALUES
(1772, 22, 21, '747KST-514M-3-24/VT', '229700545', NULL, NULL),
(1773, 11, 21, 'C007KD-W122-356/CH/UTS', '117K002154', NULL, NULL),
(1774, 9, 2, 'BE-438D-01', 'D0Z20323', NULL, NULL),
(1775, 5, 2, 'KE-430HX-03', 'H8Z52013', NULL, NULL),
(1776, 9, 2, 'BE-438D', '17Z66041', NULL, NULL),
(1777, 11, 21, 'C007KD-W812A-356/CRL/UTS', '25300382', NULL, NULL),
(1778, 11, 21, 'C007KD-W812A-356/CRL/UTS', '27253463', NULL, NULL),
(1779, 5, 21, 'BE-438D-01', 'D0Z20304', NULL, NULL),
(1780, 29, 10, 'W-8103-IS', 'KS120147', NULL, NULL),
(1781, 11, 21, 'C007KD-W812A-356/CRL/UTS', '27259222', NULL, NULL),
(1782, 16, 8, 'LH-3168', 'LH0DH06255', NULL, NULL),
(1783, 34, 27, 'TY-90', 'SB0015', NULL, NULL),
(1784, 8, 2, 'HE-800A-3', 'MDZ84426', NULL, NULL),
(1785, 39, 6, 'GEM20U63', '6014050022\r\n', NULL, NULL),
(1786, 39, 6, 'GEM20U63', '511505073', NULL, NULL),
(1787, 22, 21, '747KST-514M-3-24/VT', '219K000517', NULL, NULL),
(1788, 16, 8, 'LH-3168', 'LH0BJ03825', NULL, NULL),
(1789, 11, 21, 'C007KD', '128253890', NULL, NULL);

-- --------------------------------------------------------

--
-- Table structure for table `machine_locations`
--

CREATE TABLE `machine_locations` (
  `id` bigint UNSIGNED NOT NULL,
  `machine_id` bigint UNSIGNED NOT NULL,
  `location_type` varchar(255) COLLATE utf8mb4_unicode_ci NOT NULL,
  `location_id` bigint UNSIGNED NOT NULL,
  `created_at` timestamp NULL DEFAULT NULL,
  `updated_at` timestamp NULL DEFAULT NULL
) ENGINE=InnoDB DEFAULT CHARSET=utf8mb4 COLLATE=utf8mb4_unicode_ci;

-- --------------------------------------------------------

--
-- Table structure for table `machine_statuses`
--

CREATE TABLE `machine_statuses` (
  `id` bigint UNSIGNED NOT NULL,
  `machine_id` bigint UNSIGNED NOT NULL,
  `status` enum('ready','in_use','broken') COLLATE utf8mb4_unicode_ci NOT NULL DEFAULT 'ready',
  `status_date` timestamp NOT NULL,
  `service_mechanic` varchar(255) COLLATE utf8mb4_unicode_ci DEFAULT NULL,
  `spare_part_required` tinyint(1) NOT NULL DEFAULT '0',
  `created_at` timestamp NULL DEFAULT NULL,
  `updated_at` timestamp NULL DEFAULT NULL
) ENGINE=InnoDB DEFAULT CHARSET=utf8mb4 COLLATE=utf8mb4_unicode_ci;

-- --------------------------------------------------------

--
-- Table structure for table `machine_types`
--

CREATE TABLE `machine_types` (
  `id` bigint UNSIGNED NOT NULL,
  `name` varchar(255) COLLATE utf8mb4_unicode_ci NOT NULL,
  `created_at` timestamp NULL DEFAULT NULL,
  `updated_at` timestamp NULL DEFAULT NULL
) ENGINE=InnoDB DEFAULT CHARSET=utf8mb4 COLLATE=utf8mb4_unicode_ci;

--
-- Dumping data for table `machine_types`
--

INSERT INTO `machine_types` (`id`, `name`, `created_at`, `updated_at`) VALUES
(1, '4 Needle 6 Threads Flatseamer', NULL, NULL),
(2, 'Auto Feet Spreading', NULL, NULL),
(3, 'Auto Robot Cut', NULL, NULL),
(4, 'Automatic Placket Machine ', NULL, NULL),
(5, 'Bartack', NULL, NULL),
(6, 'Bias Tape Cutting Machine', NULL, NULL),
(7, 'Blindstich Hemming', NULL, NULL),
(8, 'Button Hole', NULL, NULL),
(9, 'Button Sew', NULL, NULL),
(10, 'Combination Cuting and Winding', NULL, NULL),
(11, 'Coverseam', NULL, NULL),
(12, 'Coverseam piping', NULL, NULL),
(13, 'Coverstich Bottom Heming', NULL, NULL),
(14, 'Die Cut Machine', NULL, NULL),
(15, 'Double Needle Chainstich', NULL, NULL),
(16, 'Double Needle Lockstich', NULL, NULL),
(17, 'Elastic Band Joining Robot With maker Function and Juki AMS210EN1306', NULL, NULL),
(18, 'Embroidery Machine', NULL, NULL),
(19, 'Fusing Machine', NULL, NULL),
(20, 'Needle Detector', NULL, NULL),
(21, 'Overlock', NULL, NULL),
(22, 'Overlock 4 Threads with Cutter', NULL, NULL),
(23, 'Overlock 5 thread', NULL, NULL),
(24, 'Overlock Shirring', NULL, NULL),
(25, 'Picot', NULL, NULL),
(26, 'Ply End Cutter', NULL, NULL),
(27, 'Press Machine', NULL, NULL),
(28, 'Round Knife Cutter', NULL, NULL),
(29, 'Scallop', NULL, NULL),
(30, 'Side Cutter', NULL, NULL),
(31, 'Single Needle', NULL, NULL),
(32, 'Single NeedleTop Feed', NULL, NULL),
(33, 'Smocking Machine', NULL, NULL),
(34, 'Snap Button', NULL, NULL),
(35, 'Straight Knife Cutter', NULL, NULL),
(36, 'Template Draw Cutting Machine', NULL, NULL),
(37, 'Thread Rewinder', NULL, NULL),
(38, 'Waistband', NULL, NULL),
(39, 'Zigzag', NULL, NULL),
(40, 'Automatic Template Sewing Machine', NULL, NULL);

-- --------------------------------------------------------

--
-- Table structure for table `migrations`
--

CREATE TABLE `migrations` (
  `id` int UNSIGNED NOT NULL,
  `migration` varchar(255) COLLATE utf8mb4_unicode_ci NOT NULL,
  `batch` int NOT NULL
) ENGINE=InnoDB DEFAULT CHARSET=utf8mb4 COLLATE=utf8mb4_unicode_ci;

--
-- Dumping data for table `migrations`
--

INSERT INTO `migrations` (`id`, `migration`, `batch`) VALUES
(1, '2014_10_12_000000_create_users_table', 1),
(2, '2014_10_12_100000_create_password_reset_tokens_table', 1),
(3, '2014_10_12_100000_create_password_resets_table', 1),
(4, '2019_08_19_000000_create_failed_jobs_table', 1),
(5, '2019_12_14_000001_create_personal_access_tokens_table', 1),
(6, '2024_02_08_080313_create_machine_types_table', 1),
(7, '2024_02_08_080340_create_brands_table', 1),
(8, '2024_02_13_074746_create_repair_statuses_table', 1),
(9, '2024_02_15_024646_create_locations_table', 1),
(10, '2024_03_12_011149_create_machines_table', 1),
(11, '2024_03_14_074746_create_machine_statuses_table', 1),
(12, '2024_03_15_022602_create_machine_locations_table', 1),
(13, '2024_03_15_023522_create_repair_records_table', 1);

-- --------------------------------------------------------

--
-- Table structure for table `password_resets`
--

CREATE TABLE `password_resets` (
  `email` varchar(255) COLLATE utf8mb4_unicode_ci NOT NULL,
  `token` varchar(255) COLLATE utf8mb4_unicode_ci NOT NULL,
  `created_at` timestamp NULL DEFAULT NULL
) ENGINE=InnoDB DEFAULT CHARSET=utf8mb4 COLLATE=utf8mb4_unicode_ci;

-- --------------------------------------------------------

--
-- Table structure for table `password_reset_tokens`
--

CREATE TABLE `password_reset_tokens` (
  `email` varchar(255) COLLATE utf8mb4_unicode_ci NOT NULL,
  `token` varchar(255) COLLATE utf8mb4_unicode_ci NOT NULL,
  `created_at` timestamp NULL DEFAULT NULL
) ENGINE=InnoDB DEFAULT CHARSET=utf8mb4 COLLATE=utf8mb4_unicode_ci;

-- --------------------------------------------------------

--
-- Table structure for table `personal_access_tokens`
--

CREATE TABLE `personal_access_tokens` (
  `id` bigint UNSIGNED NOT NULL,
  `tokenable_type` varchar(255) COLLATE utf8mb4_unicode_ci NOT NULL,
  `tokenable_id` bigint UNSIGNED NOT NULL,
  `name` varchar(255) COLLATE utf8mb4_unicode_ci NOT NULL,
  `token` varchar(64) COLLATE utf8mb4_unicode_ci NOT NULL,
  `abilities` text COLLATE utf8mb4_unicode_ci,
  `last_used_at` timestamp NULL DEFAULT NULL,
  `expires_at` timestamp NULL DEFAULT NULL,
  `created_at` timestamp NULL DEFAULT NULL,
  `updated_at` timestamp NULL DEFAULT NULL
) ENGINE=InnoDB DEFAULT CHARSET=utf8mb4 COLLATE=utf8mb4_unicode_ci;

-- --------------------------------------------------------

--
-- Table structure for table `repair_records`
--

CREATE TABLE `repair_records` (
  `id` bigint UNSIGNED NOT NULL,
  `machine_id` bigint UNSIGNED NOT NULL,
  `user_id` bigint UNSIGNED DEFAULT NULL,
  `repair_type` enum('preventive','corrective','predictive') COLLATE utf8mb4_unicode_ci NOT NULL,
  `repair_date` date NOT NULL,
  `description` text COLLATE utf8mb4_unicode_ci,
  `status_id` bigint UNSIGNED NOT NULL,
  `sparepart_used` text COLLATE utf8mb4_unicode_ci,
  `created_at` timestamp NULL DEFAULT NULL,
  `updated_at` timestamp NULL DEFAULT NULL
) ENGINE=InnoDB DEFAULT CHARSET=utf8mb4 COLLATE=utf8mb4_unicode_ci;

-- --------------------------------------------------------

--
-- Table structure for table `repair_statuses`
--

CREATE TABLE `repair_statuses` (
  `id` bigint UNSIGNED NOT NULL,
  `name` varchar(255) COLLATE utf8mb4_unicode_ci NOT NULL,
  `created_at` timestamp NULL DEFAULT NULL,
  `updated_at` timestamp NULL DEFAULT NULL
) ENGINE=InnoDB DEFAULT CHARSET=utf8mb4 COLLATE=utf8mb4_unicode_ci;

-- --------------------------------------------------------

--
-- Table structure for table `users`
--

CREATE TABLE `users` (
  `id` bigint UNSIGNED NOT NULL,
  `name` varchar(255) COLLATE utf8mb4_unicode_ci NOT NULL,
  `email` varchar(255) COLLATE utf8mb4_unicode_ci NOT NULL,
  `email_verified_at` timestamp NULL DEFAULT NULL,
  `password` varchar(255) COLLATE utf8mb4_unicode_ci NOT NULL,
  `remember_token` varchar(100) COLLATE utf8mb4_unicode_ci DEFAULT NULL,
  `created_at` timestamp NULL DEFAULT NULL,
  `updated_at` timestamp NULL DEFAULT NULL
) ENGINE=InnoDB DEFAULT CHARSET=utf8mb4 COLLATE=utf8mb4_unicode_ci;

--
-- Dumping data for table `users`
--

INSERT INTO `users` (`id`, `name`, `email`, `email_verified_at`, `password`, `remember_token`, `created_at`, `updated_at`) VALUES
(1, 'Jhon Doe', 'jhondoe@gmail.com', NULL, '$2y$12$ccmZbPa30F16XR/I17KBseLTH2lD2BcmURnNLElVfTlSd2QXID5.S', NULL, '2024-03-14 20:43:55', '2024-03-14 20:43:55');

--
-- Indexes for dumped tables
--

--
-- Indexes for table `brands`
--
ALTER TABLE `brands`
  ADD PRIMARY KEY (`id`);

--
-- Indexes for table `failed_jobs`
--
ALTER TABLE `failed_jobs`
  ADD PRIMARY KEY (`id`),
  ADD UNIQUE KEY `failed_jobs_uuid_unique` (`uuid`);

--
-- Indexes for table `locations`
--
ALTER TABLE `locations`
  ADD PRIMARY KEY (`id`);

--
-- Indexes for table `machines`
--
ALTER TABLE `machines`
  ADD PRIMARY KEY (`id`),
  ADD KEY `machines_machine_type_id_foreign` (`machine_type_id`),
  ADD KEY `machines_brand_id_foreign` (`brand_id`);

--
-- Indexes for table `machine_locations`
--
ALTER TABLE `machine_locations`
  ADD PRIMARY KEY (`id`),
  ADD KEY `machine_locations_machine_id_foreign` (`machine_id`),
  ADD KEY `machine_locations_location_id_foreign` (`location_id`);

--
-- Indexes for table `machine_statuses`
--
ALTER TABLE `machine_statuses`
  ADD PRIMARY KEY (`id`),
  ADD KEY `machine_statuses_machine_id_foreign` (`machine_id`);

--
-- Indexes for table `machine_types`
--
ALTER TABLE `machine_types`
  ADD PRIMARY KEY (`id`);

--
-- Indexes for table `migrations`
--
ALTER TABLE `migrations`
  ADD PRIMARY KEY (`id`);

--
-- Indexes for table `password_resets`
--
ALTER TABLE `password_resets`
  ADD KEY `password_resets_email_index` (`email`);

--
-- Indexes for table `password_reset_tokens`
--
ALTER TABLE `password_reset_tokens`
  ADD PRIMARY KEY (`email`);

--
-- Indexes for table `personal_access_tokens`
--
ALTER TABLE `personal_access_tokens`
  ADD PRIMARY KEY (`id`),
  ADD UNIQUE KEY `personal_access_tokens_token_unique` (`token`),
  ADD KEY `personal_access_tokens_tokenable_type_tokenable_id_index` (`tokenable_type`,`tokenable_id`);

--
-- Indexes for table `repair_records`
--
ALTER TABLE `repair_records`
  ADD PRIMARY KEY (`id`),
  ADD KEY `repair_records_user_id_foreign` (`user_id`),
  ADD KEY `repair_records_machine_id_foreign` (`machine_id`),
  ADD KEY `repair_records_status_id_foreign` (`status_id`);

--
-- Indexes for table `repair_statuses`
--
ALTER TABLE `repair_statuses`
  ADD PRIMARY KEY (`id`);

--
-- Indexes for table `users`
--
ALTER TABLE `users`
  ADD PRIMARY KEY (`id`),
  ADD UNIQUE KEY `users_email_unique` (`email`);

--
-- AUTO_INCREMENT for dumped tables
--

--
-- AUTO_INCREMENT for table `brands`
--
ALTER TABLE `brands`
  MODIFY `id` bigint UNSIGNED NOT NULL AUTO_INCREMENT, AUTO_INCREMENT=32;

--
-- AUTO_INCREMENT for table `failed_jobs`
--
ALTER TABLE `failed_jobs`
  MODIFY `id` bigint UNSIGNED NOT NULL AUTO_INCREMENT;

--
-- AUTO_INCREMENT for table `locations`
--
ALTER TABLE `locations`
  MODIFY `id` bigint UNSIGNED NOT NULL AUTO_INCREMENT;

--
-- AUTO_INCREMENT for table `machines`
--
ALTER TABLE `machines`
  MODIFY `id` bigint UNSIGNED NOT NULL AUTO_INCREMENT, AUTO_INCREMENT=1790;

--
-- AUTO_INCREMENT for table `machine_locations`
--
ALTER TABLE `machine_locations`
  MODIFY `id` bigint UNSIGNED NOT NULL AUTO_INCREMENT;

--
-- AUTO_INCREMENT for table `machine_statuses`
--
ALTER TABLE `machine_statuses`
  MODIFY `id` bigint UNSIGNED NOT NULL AUTO_INCREMENT;

--
-- AUTO_INCREMENT for table `machine_types`
--
ALTER TABLE `machine_types`
  MODIFY `id` bigint UNSIGNED NOT NULL AUTO_INCREMENT, AUTO_INCREMENT=41;

--
-- AUTO_INCREMENT for table `migrations`
--
ALTER TABLE `migrations`
  MODIFY `id` int UNSIGNED NOT NULL AUTO_INCREMENT, AUTO_INCREMENT=14;

--
-- AUTO_INCREMENT for table `personal_access_tokens`
--
ALTER TABLE `personal_access_tokens`
  MODIFY `id` bigint UNSIGNED NOT NULL AUTO_INCREMENT;

--
-- AUTO_INCREMENT for table `repair_records`
--
ALTER TABLE `repair_records`
  MODIFY `id` bigint UNSIGNED NOT NULL AUTO_INCREMENT;

--
-- AUTO_INCREMENT for table `repair_statuses`
--
ALTER TABLE `repair_statuses`
  MODIFY `id` bigint UNSIGNED NOT NULL AUTO_INCREMENT;

--
-- AUTO_INCREMENT for table `users`
--
ALTER TABLE `users`
  MODIFY `id` bigint UNSIGNED NOT NULL AUTO_INCREMENT, AUTO_INCREMENT=2;

--
-- Constraints for dumped tables
--

--
-- Constraints for table `machines`
--
ALTER TABLE `machines`
  ADD CONSTRAINT `machines_brand_id_foreign` FOREIGN KEY (`brand_id`) REFERENCES `brands` (`id`),
  ADD CONSTRAINT `machines_machine_type_id_foreign` FOREIGN KEY (`machine_type_id`) REFERENCES `machine_types` (`id`);

--
-- Constraints for table `machine_locations`
--
ALTER TABLE `machine_locations`
  ADD CONSTRAINT `machine_locations_location_id_foreign` FOREIGN KEY (`location_id`) REFERENCES `locations` (`id`) ON DELETE CASCADE,
  ADD CONSTRAINT `machine_locations_machine_id_foreign` FOREIGN KEY (`machine_id`) REFERENCES `machines` (`id`) ON DELETE CASCADE;

--
-- Constraints for table `machine_statuses`
--
ALTER TABLE `machine_statuses`
  ADD CONSTRAINT `machine_statuses_machine_id_foreign` FOREIGN KEY (`machine_id`) REFERENCES `machines` (`id`) ON DELETE CASCADE;

--
-- Constraints for table `repair_records`
--
ALTER TABLE `repair_records`
  ADD CONSTRAINT `repair_records_machine_id_foreign` FOREIGN KEY (`machine_id`) REFERENCES `machines` (`id`) ON DELETE CASCADE,
  ADD CONSTRAINT `repair_records_status_id_foreign` FOREIGN KEY (`status_id`) REFERENCES `machine_statuses` (`id`) ON DELETE CASCADE,
  ADD CONSTRAINT `repair_records_user_id_foreign` FOREIGN KEY (`user_id`) REFERENCES `users` (`id`) ON DELETE SET NULL;
COMMIT;

/*!40101 SET CHARACTER_SET_CLIENT=@OLD_CHARACTER_SET_CLIENT */;
/*!40101 SET CHARACTER_SET_RESULTS=@OLD_CHARACTER_SET_RESULTS */;
/*!40101 SET COLLATION_CONNECTION=@OLD_COLLATION_CONNECTION */;
